,timestamp,open,high,low,close,volume
1525,2016-01-28,39.0,40.95,37.05,37.05,396527
1524,2016-01-29,35.2,38.9,35.2,35.35,209385
1523,2016-02-01,35.95,35.95,33.6,33.6,41507
1522,2016-02-02,31.95,31.95,31.95,31.95,5981
1521,2016-02-03,30.4,31.65,30.4,30.7,19342
1520,2016-02-04,29.35,31.3,29.35,30.5,28174
1519,2016-02-05,29.75,32.0,29.75,32.0,29189
1518,2016-02-08,31.85,33.6,30.4,30.6,107481
1517,2016-02-09,29.3,31.9,29.2,30.0,32577
1516,2016-02-10,28.95,31.0,28.85,29.6,19032
1515,2016-02-11,29.95,33.2,29.0,30.0,78168
1514,2016-02-12,29.65,31.1,28.5,29.3,31703
1513,2016-02-15,30.0,33.0,28.1,28.75,154179
1512,2016-02-16,29.0,29.9,27.6,27.65,51993
1511,2016-02-17,27.95,29.95,27.5,28.4,45293
1510,2016-02-18,29.3,31.0,28.75,29.45,33513
1509,2016-02-19,29.45,30.8,28.75,29.4,45889
1508,2016-02-22,29.5,35.25,29.5,32.6,670976
1507,2016-02-23,32.4,32.45,29.5,29.85,25301
1506,2016-02-24,30.5,32.0,28.6,29.0,101821
1505,2016-02-25,29.85,30.65,28.3,29.0,60843
1504,2016-02-26,29.5,32.0,29.0,31.0,78000
1503,2016-02-29,30.05,32.5,28.6,28.9,97874
1502,2016-03-01,29.8,30.45,28.65,29.0,65431
1501,2016-03-02,30.0,30.0,28.8,29.45,35386
1500,2016-03-03,29.5,31.0,28.8,29.0,112834
1499,2016-03-04,29.5,29.7,28.6,29.0,41143
1498,2016-03-08,29.5,30.0,28.85,28.95,148446
1497,2016-03-09,29.4,29.5,28.85,28.9,24760
1496,2016-03-10,29.5,29.5,28.7,29.0,5899
1495,2016-03-11,28.75,29.25,28.5,28.6,25228
1494,2016-03-14,28.75,29.0,28.5,28.65,15201
1493,2016-03-15,29.0,29.0,28.15,28.3,11542
1492,2016-03-16,28.35,29.7,28.2,28.4,48466
1491,2016-03-17,28.6,30.2,27.8,28.1,138802
1490,2016-03-18,28.15,28.75,27.45,27.95,76523
1489,2016-03-21,27.4,28.5,27.4,27.95,39960
1488,2016-03-22,27.75,28.0,27.15,27.7,55377
1487,2016-03-23,28.4,28.8,27.3,27.4,31135
1486,2016-03-28,27.15,27.15,24.05,25.95,19032
1485,2016-03-29,26.0,27.0,25.75,25.95,59776
1484,2016-03-30,25.9,28.0,25.9,26.5,70990
1483,2016-03-31,26.5,26.95,26.25,26.5,2755
1482,2016-04-01,27.0,27.8,26.4,26.5,59218
1481,2016-04-04,26.55,29.0,26.55,28.9,228238
1480,2016-04-05,28.65,29.0,27.2,27.5,21954
1479,2016-04-06,27.5,28.9,27.5,28.65,81011
1478,2016-04-07,28.35,31.4,28.2,30.8,296539
1477,2016-04-08,30.95,31.75,29.8,30.9,180332
1476,2016-04-11,30.9,32.45,30.55,32.25,108171
1475,2016-04-12,32.9,33.0,31.65,31.9,52366
1474,2016-04-13,31.8,32.5,31.1,31.45,12460
1473,2016-04-18,31.55,32.95,31.55,31.95,20888
1472,2016-04-20,31.65,34.9,31.65,34.05,329985
1471,2016-04-21,33.85,36.0,33.8,35.25,217878
1470,2016-04-22,35.25,38.2,34.65,37.15,496472
1469,2016-04-25,37.0,38.05,36.2,36.8,89612
1468,2016-04-26,35.55,40.25,35.55,39.6,618826
1467,2016-04-27,39.5,41.4,34.0,35.45,253522
1466,2016-04-28,35.9,36.5,33.7,34.15,47783
1465,2016-04-29,33.9,35.5,33.9,34.9,7684
1464,2016-05-02,34.0,34.4,33.5,33.8,6703
1463,2016-05-03,34.5,35.0,33.85,34.45,3084
1462,2016-05-04,34.1,37.7,33.4,36.75,288032
1461,2016-05-05,36.2,37.0,34.7,34.95,83700
1460,2016-05-06,34.75,35.9,34.25,34.3,14906
1459,2016-05-09,34.75,35.4,34.35,34.5,9439
1458,2016-05-10,34.5,35.75,34.5,35.0,21906
1457,2016-05-11,35.3,36.0,34.75,35.0,20634
1456,2016-05-12,34.85,35.0,34.75,34.75,1227
1455,2016-05-13,35.4,36.25,34.75,35.45,43853
1454,2016-05-16,35.5,37.0,35.5,36.0,36167
1453,2016-05-17,36.05,36.95,35.25,36.35,36043
1452,2016-05-18,36.15,38.5,36.15,38.25,52340
1451,2016-05-19,37.7,40.15,37.55,38.25,96475
1450,2016-05-20,38.0,44.2,37.65,38.35,808416
1449,2016-05-23,38.9,41.1,38.9,40.2,43188
1448,2016-05-24,39.15,41.4,38.25,38.8,20532
1447,2016-05-25,38.0,40.9,38.0,40.1,78174
1446,2016-05-26,38.55,42.7,38.55,42.15,257527
1445,2016-05-27,42.95,44.85,41.3,41.8,138820
1444,2016-05-30,40.2,44.5,40.2,41.15,99762
1443,2016-05-31,41.45,41.5,39.55,40.25,137239
1442,2016-06-01,40.0,40.9,39.0,39.0,52857
1441,2016-06-02,39.05,40.0,38.05,38.7,59337
1440,2016-06-03,38.7,39.1,37.5,38.0,56321
1439,2016-06-06,38.0,38.45,35.5,36.15,53478
1438,2016-06-07,35.65,36.35,35.2,35.8,13434
1437,2016-06-08,35.2,36.3,35.0,35.6,50466
1436,2016-06-09,34.35,36.05,34.0,35.5,11751
1435,2016-06-10,36.55,38.4,36.0,36.8,67859
1434,2016-06-13,37.45,37.45,35.35,36.0,8334
1433,2016-06-14,36.5,37.4,36.45,36.85,17366
1432,2016-06-15,37.05,37.6,36.25,36.95,24170
1431,2016-06-16,36.85,41.1,36.85,40.8,445237
1430,2016-06-17,41.1,41.15,38.55,38.85,5757
1429,2016-06-20,41.5,42.0,39.0,40.8,119054
1428,2016-06-21,41.8,44.9,39.6,40.0,545493
1427,2016-06-22,40.3,41.0,38.35,39.0,37239
1426,2016-06-23,39.0,39.8,38.4,39.0,49420
1425,2016-06-24,38.2,38.35,37.5,38.0,38763
1424,2016-06-27,39.15,39.15,38.1,38.55,3504
1423,2016-06-28,38.2,39.0,38.2,38.65,12424
1422,2016-06-29,38.75,39.95,38.75,39.1,20601
1421,2016-06-30,39.4,39.5,38.6,38.9,6355
1420,2016-07-01,39.1,39.2,38.8,39.0,8734
1419,2016-07-04,39.75,44.5,39.1,44.0,592644
1418,2016-07-05,44.1,46.0,43.2,44.25,220776
1417,2016-07-07,44.8,47.0,43.1,46.2,179969
1416,2016-07-08,46.7,47.7,45.5,47.0,174766
1415,2016-07-11,47.0,49.95,46.9,47.85,237524
1414,2016-07-12,48.5,48.5,45.55,46.1,54319
1413,2016-07-13,46.95,48.0,44.4,44.65,77766
1412,2016-07-14,45.3,45.9,44.0,44.65,25517
1411,2016-07-15,44.65,44.65,43.35,43.75,7801
1410,2016-07-18,45.4,52.5,44.25,51.95,524851
1409,2016-07-19,50.7,54.0,49.25,49.6,247873
1408,2016-07-20,50.0,54.7,48.85,51.45,711725
1407,2016-07-21,51.0,54.4,51.0,53.05,211939
1406,2016-07-22,53.25,53.45,51.1,51.3,37276
1405,2016-07-25,52.4,59.0,51.0,57.3,539701
1404,2016-07-26,58.95,65.7,55.55,56.25,1037910
1403,2016-07-27,57.5,58.0,55.05,55.95,120348
1402,2016-07-28,56.8,58.0,53.5,54.75,205154
1401,2016-07-29,55.1,56.9,54.15,54.65,139849
1400,2016-08-01,55.4,57.8,55.0,56.55,161361
1399,2016-08-02,58.8,66.4,58.0,62.8,993444
1398,2016-08-03,62.6,70.7,62.1,66.15,1066989
1397,2016-08-04,65.5,68.35,65.5,66.85,127180
1396,2016-08-05,67.4,70.9,66.8,67.65,369112
1395,2016-08-08,68.0,73.8,66.2,70.75,445859
1394,2016-08-09,71.9,75.7,69.4,71.05,450172
1393,2016-08-10,71.4,75.0,69.7,73.0,399573
1392,2016-08-11,73.7,76.35,73.05,74.1,322266
1391,2016-08-12,75.8,75.9,68.25,70.55,179979
1390,2016-08-16,71.5,81.2,71.5,76.85,901473
1389,2016-08-17,76.0,82.55,75.9,78.6,504574
1388,2016-08-18,79.4,81.0,77.45,78.1,324780
1387,2016-08-19,78.0,81.0,77.2,80.65,171994
1386,2016-08-22,80.85,84.1,80.75,83.35,418065
1385,2016-08-23,83.05,83.8,77.6,79.3,141667
1384,2016-08-24,79.0,80.35,77.85,78.2,48537
1383,2016-08-25,78.95,81.2,77.35,77.85,58286
1382,2016-08-26,80.5,80.5,75.4,76.7,40348
1381,2016-08-29,77.05,77.4,72.5,74.7,50007
1380,2016-08-30,75.05,78.4,74.9,75.95,49749
1379,2016-08-31,76.6,77.7,76.25,76.8,24934
1378,2016-09-01,77.9,79.3,76.2,76.9,46126
1377,2016-09-02,77.0,77.8,75.45,76.0,59905
1376,2016-09-06,76.35,84.45,75.2,75.95,172545
1375,2016-09-07,76.2,79.0,76.15,78.4,64485
1374,2016-09-08,79.0,81.8,79.0,80.0,195025
1373,2016-09-09,79.5,80.1,78.4,79.65,62541
1372,2016-09-12,77.15,83.1,75.4,76.15,332703
1371,2016-09-14,74.0,77.0,73.0,75.8,134025
1370,2016-09-15,76.4,77.3,73.8,75.1,47967
1369,2016-09-16,76.25,76.5,74.25,74.8,11727
1368,2016-09-19,75.0,76.15,74.3,74.8,9596
1367,2016-09-20,75.65,78.05,73.7,74.05,29267
1366,2016-09-21,74.4,75.0,72.85,73.5,18632
1365,2016-09-22,75.0,75.3,73.6,74.5,13846
1364,2016-09-23,75.0,80.45,74.1,77.65,276533
1363,2016-09-26,76.65,77.5,74.0,74.7,24255
1362,2016-09-27,75.25,77.0,74.0,74.5,17395
1361,2016-09-28,75.3,82.8,75.2,81.4,363420
1360,2016-09-29,81.0,82.0,74.8,75.7,152613
1359,2016-09-30,77.0,77.65,73.0,74.5,82999
1358,2016-10-03,75.35,77.1,74.7,76.55,209296
1357,2016-10-04,77.0,77.95,73.2,73.75,199776
1356,2016-10-05,74.35,75.7,73.35,74.0,98283
1355,2016-10-06,74.25,77.3,74.15,74.65,106059
1354,2016-10-07,75.0,78.0,74.4,74.55,107662
1353,2016-10-10,75.0,75.8,74.5,74.9,22669
1352,2016-10-13,74.8,75.75,73.75,75.15,19237
1351,2016-10-14,77.05,80.4,76.25,79.6,112010
1350,2016-10-17,80.1,85.4,80.1,84.0,247215
1349,2016-10-18,85.05,90.35,85.05,89.85,251452
1348,2016-10-19,90.95,100.7,87.55,99.3,744872
1347,2016-10-20,99.3,104.5,97.25,100.65,264221
1346,2016-10-21,101.9,107.0,99.4,104.95,281827
1345,2016-10-24,104.15,109.5,102.2,105.55,694055
1344,2016-10-25,104.75,105.5,98.1,99.35,164131
1343,2016-10-26,102.0,102.0,97.6,99.0,87677
1342,2016-10-27,99.7,102.25,97.5,99.95,100011
1341,2016-10-28,99.65,102.3,99.3,101.4,76175
1340,2016-11-01,100.8,105.0,98.1,99.35,149252
1339,2016-11-02,98.5,98.5,95.0,95.45,29147
1338,2016-11-03,97.6,103.5,97.0,98.25,86731
1337,2016-11-04,98.0,98.3,93.0,94.45,29644
1336,2016-11-07,100.0,100.0,94.0,94.7,15376
1335,2016-11-08,94.65,97.25,94.65,96.45,12280
1334,2016-11-09,92.0,93.35,81.7,92.3,47895
1333,2016-11-10,95.0,106.3,94.75,101.35,400080
1332,2016-11-11,100.4,107.95,97.9,99.25,539197
1331,2016-11-15,99.4,99.4,91.25,93.35,40686
1330,2016-11-16,95.8,100.4,93.45,97.3,55620
1329,2016-11-17,96.5,99.25,94.9,96.3,76821
1328,2016-11-18,95.7,97.8,93.6,94.25,32832
1327,2016-11-21,95.1,95.1,88.9,90.4,24913
1326,2016-11-22,92.2,92.45,88.6,90.25,30084
1325,2016-11-23,90.5,90.5,83.8,86.0,33550
1324,2016-11-24,83.8,86.85,83.65,84.35,26734
1323,2016-11-25,85.75,95.7,85.75,91.15,322864
1322,2016-11-28,90.65,92.2,88.7,89.35,14581
1321,2016-11-29,90.1,91.5,86.2,87.75,38057
1320,2016-11-30,88.85,91.7,88.85,90.55,10821
1319,2016-12-01,91.05,92.0,89.3,89.6,15416
1318,2016-12-02,88.7,91.7,87.2,87.7,30689
1317,2016-12-05,83.0,92.0,78.0,89.45,29277
1316,2016-12-06,90.25,95.0,89.15,89.4,65685
1315,2016-12-07,90.6,90.65,86.8,87.5,21192
1314,2016-12-08,87.95,95.0,83.55,93.2,238536
1313,2016-12-09,92.7,100.1,92.0,98.25,239083
1312,2016-12-12,99.45,104.0,97.0,99.9,138281
1311,2016-12-13,99.0,104.95,98.4,99.9,425090
1310,2016-12-14,98.95,100.0,92.45,93.45,106514
1309,2016-12-15,89.05,99.95,89.05,94.85,14074
1308,2016-12-16,95.5,96.15,93.3,94.5,14506
1307,2016-12-19,96.15,96.15,92.6,93.25,13218
1306,2016-12-20,93.5,94.05,91.45,91.5,3594
1305,2016-12-21,92.25,92.95,89.6,89.75,10859
1304,2016-12-22,90.7,90.7,87.55,88.05,6793
1303,2016-12-23,88.65,90.8,86.3,88.3,14044
1302,2016-12-26,87.75,88.0,82.8,84.0,4350
1301,2016-12-27,83.9,90.15,83.5,89.65,53237
1300,2016-12-28,89.25,92.15,88.1,88.7,5715
1299,2016-12-29,89.7,90.3,88.5,88.6,5627
1298,2016-12-30,90.45,90.55,89.2,89.85,6477
1297,2017-01-02,89.75,95.1,89.4,93.05,15032
1296,2017-01-03,93.25,95.9,93.25,94.5,8595
1295,2017-01-04,94.6,95.5,93.5,93.85,4179
1294,2017-01-05,95.0,95.5,93.2,93.85,3974
1293,2017-01-06,94.1,94.7,92.3,92.75,6494
1292,2017-01-09,93.75,96.9,92.5,95.9,6173
1291,2017-01-10,98.8,104.0,96.55,97.65,138480
1290,2017-01-11,98.0,102.7,97.0,99.85,134944
1289,2017-01-12,99.75,101.0,97.45,98.1,18918
1288,2017-01-13,98.7,100.3,96.4,96.6,11345
1287,2017-01-16,96.0,99.65,96.0,97.85,50856
1286,2017-01-17,97.55,98.0,94.15,95.1,11154
1285,2017-01-18,95.25,105.7,94.65,103.6,470551
1284,2017-01-19,101.55,105.0,100.4,103.8,523942
1283,2017-01-20,102.0,107.65,100.55,101.65,200851
1282,2017-01-23,100.25,109.0,100.25,106.25,527994
1281,2017-01-24,106.0,109.0,103.5,104.55,176247
1280,2017-01-25,105.0,111.0,103.55,104.85,509526
1279,2017-01-27,105.0,107.15,99.85,100.85,351685
1278,2017-01-30,100.65,106.7,100.55,105.35,134923
1277,2017-01-31,105.0,107.0,100.8,102.45,66600
1276,2017-02-01,103.5,104.7,101.55,102.4,38447
1275,2017-02-02,103.45,104.7,102.0,102.55,28881
1274,2017-02-03,104.0,104.0,98.85,99.8,66509
1273,2017-02-06,103.0,115.4,101.85,110.45,971193
1272,2017-02-07,110.8,117.3,107.15,112.15,444173
1271,2017-02-08,112.55,117.45,110.2,112.4,668959
1270,2017-02-09,112.75,112.75,108.7,110.3,53514
1269,2017-02-10,110.9,112.25,108.0,108.25,25856
1268,2017-02-13,109.5,110.0,107.0,107.85,21561
1267,2017-02-14,108.25,111.9,106.2,107.55,54393
1266,2017-02-15,107.0,109.0,104.45,105.55,61262
1265,2017-02-16,105.95,107.85,104.35,105.5,42687
1264,2017-02-17,106.0,108.45,104.6,105.3,29029
1263,2017-02-20,105.05,108.35,104.6,105.3,24567
1262,2017-02-21,105.25,108.9,105.2,105.75,68764
1261,2017-02-22,106.0,111.0,105.8,107.15,94920
1260,2017-02-23,106.95,111.0,106.95,109.6,149331
1259,2017-02-27,110.0,114.4,109.1,111.9,185009
1258,2017-02-28,113.0,115.7,113.0,114.6,63833
1257,2017-03-01,116.5,120.35,115.2,119.4,270182
1256,2017-03-02,120.5,120.8,116.55,117.2,72346
1255,2017-03-03,117.85,119.5,116.0,116.95,46870
1254,2017-03-06,117.8,122.0,117.8,119.8,101167
1253,2017-03-07,120.5,124.0,120.4,123.1,79842
1252,2017-03-08,124.0,125.5,119.15,124.5,73648
1251,2017-03-09,124.45,133.5,124.45,128.9,177025
1250,2017-03-10,128.5,130.2,127.15,128.25,96025
1249,2017-03-14,131.7,135.75,129.3,134.55,1140116
1248,2017-03-15,134.7,142.9,131.2,139.95,593325
1247,2017-03-16,140.95,149.7,140.95,147.0,1309437
1246,2017-03-17,148.5,153.6,143.0,145.5,774150
1245,2017-03-20,145.0,148.6,142.6,145.75,80310
1244,2017-03-21,147.05,147.05,141.55,142.85,33744
1243,2017-03-22,141.85,145.0,137.6,138.45,153638
1242,2017-03-23,140.1,142.0,138.5,139.45,48916
1241,2017-03-24,138.9,141.65,135.75,137.45,40025
1240,2017-03-27,137.0,140.0,133.15,138.35,992170
1239,2017-03-28,139.25,143.0,136.8,140.05,784966
1238,2017-03-29,141.9,142.0,137.5,138.3,50895
1237,2017-03-30,138.95,139.7,136.15,136.95,65476
1236,2017-03-31,138.0,145.7,135.2,142.3,191654
1235,2017-04-03,141.85,149.0,141.7,147.5,1218145
1234,2017-04-05,149.5,150.0,146.85,148.35,73394
1233,2017-04-06,146.5,149.2,145.05,145.85,979893
1232,2017-04-07,146.55,150.0,145.2,146.4,143393
1231,2017-04-10,147.5,148.0,145.55,145.75,48077
1230,2017-04-11,147.1,147.8,145.1,145.9,46471
1229,2017-04-12,146.4,147.35,144.55,144.75,28612
1228,2017-04-13,145.85,146.7,144.25,144.65,90868
1227,2017-04-17,145.0,145.65,143.9,144.35,37240
1226,2017-04-18,145.05,149.5,142.5,143.2,53825
1225,2017-04-19,143.95,144.0,134.15,135.8,35833
1224,2017-04-20,136.95,144.0,136.25,142.1,1145675
1223,2017-04-21,137.7,141.25,136.1,137.2,751200
1222,2017-04-24,138.0,139.4,136.5,137.85,25215
1221,2017-04-25,138.0,139.4,136.8,137.4,28369
1220,2017-04-26,137.65,141.8,135.4,136.3,66912
1219,2017-04-27,136.1,137.25,135.0,135.35,12557
1218,2017-04-28,136.6,141.3,136.0,136.4,25715
1217,2017-05-02,136.7,138.1,134.55,134.75,15547
1216,2017-05-03,135.75,136.2,126.0,127.45,19654
1215,2017-05-04,131.85,133.8,127.4,128.95,30420
1214,2017-05-05,128.0,128.45,122.0,124.1,36219
1213,2017-05-08,124.1,127.5,120.75,125.5,38122
1212,2017-05-09,126.9,140.0,126.0,134.9,204606
1211,2017-05-10,135.45,142.5,132.95,141.85,228259
1210,2017-05-11,142.0,149.4,140.8,147.05,181242
1209,2017-05-12,144.5,152.0,144.5,148.2,159142
1208,2017-05-15,152.8,156.15,151.05,153.95,306108
1207,2017-05-16,153.7,153.7,144.25,145.55,185264
1206,2017-05-17,146.4,146.85,140.75,141.45,30989
1205,2017-05-18,140.8,141.0,135.15,136.45,10314
1204,2017-05-19,138.45,138.5,133.0,134.4,75674
1203,2017-05-22,136.55,137.0,129.65,130.55,48491
1202,2017-05-23,131.35,131.45,123.25,126.25,27330
1201,2017-05-24,127.7,130.95,125.0,127.1,37007
1200,2017-05-25,128.7,128.95,126.0,127.65,46036
1199,2017-05-26,127.4,133.75,127.4,130.15,37826
1198,2017-05-29,131.0,132.4,128.1,129.1,12535
1197,2017-05-30,127.6,128.25,124.0,126.55,11265
1196,2017-05-31,126.95,128.7,126.0,126.45,35671
1195,2017-06-01,126.95,128.0,125.2,126.95,21521
1194,2017-06-02,127.5,128.0,125.65,126.35,22759
1193,2017-06-05,126.75,127.0,124.95,125.4,9792
1192,2017-06-06,125.7,126.5,121.75,122.15,17383
1191,2017-06-07,122.8,127.0,122.5,125.1,52895
1190,2017-06-08,126.65,131.0,124.5,125.4,38118
1189,2017-06-09,124.5,127.3,124.15,126.5,9875
1188,2017-06-12,126.1,127.9,125.0,125.45,4021
1187,2017-06-13,125.45,127.9,125.2,125.9,3517
1186,2017-06-14,127.5,128.7,124.0,125.3,15843
1185,2017-06-15,127.95,127.95,125.4,126.6,3352
1184,2017-06-16,126.05,127.05,125.5,126.4,8057
1183,2017-06-19,127.1,127.2,125.6,125.95,5911
1182,2017-06-20,125.95,126.75,125.0,125.1,10752
1181,2017-06-21,125.0,126.0,124.05,124.4,7345
1180,2017-06-22,124.3,124.95,120.6,121.2,14685
1179,2017-06-23,122.0,124.6,120.0,122.3,13874
1178,2017-06-27,123.0,123.0,117.95,121.45,13817
1177,2017-06-28,120.3,123.0,119.1,122.15,40585
1176,2017-06-29,121.6,123.0,121.0,122.7,14202
1175,2017-06-30,121.5,121.5,118.7,120.7,4848
1174,2017-07-03,121.0,122.65,120.6,121.3,5675
1173,2017-07-04,122.0,123.85,121.2,122.35,7772
1172,2017-07-05,122.0,131.2,122.0,130.1,289040
1171,2017-07-06,130.0,131.35,126.6,127.25,38294
1170,2017-07-07,126.9,130.0,126.4,127.45,15980
1169,2017-07-10,127.1,134.7,127.0,131.9,36197
1168,2017-07-11,133.05,149.05,133.05,137.6,551303
1167,2017-07-12,138.75,147.4,136.7,144.75,280159
1166,2017-07-13,143.85,146.4,137.8,139.25,166439
1165,2017-07-14,140.1,141.85,138.05,138.6,21772
1164,2017-07-17,140.8,147.8,138.6,145.35,136814
1163,2017-07-18,142.2,145.0,139.25,139.7,21259
1162,2017-07-19,140.0,148.0,140.0,143.85,85573
1161,2017-07-20,145.7,148.5,142.0,142.65,29277
1160,2017-07-21,144.4,149.0,141.85,147.9,111776
1159,2017-07-24,148.9,151.0,145.8,146.8,183364
1158,2017-07-25,144.6,145.8,143.35,143.95,45458
1157,2017-07-26,144.1,149.3,142.4,143.65,197981
1156,2017-07-27,144.0,149.7,143.95,146.9,79696
1155,2017-07-28,149.5,151.35,145.5,150.1,59158
1154,2017-07-31,150.9,165.7,150.85,162.75,935517
1153,2017-08-01,163.7,166.25,159.0,164.4,130821
1152,2017-08-02,165.0,165.0,159.75,161.8,35655
1151,2017-08-03,161.05,163.5,156.95,158.9,18658
1150,2017-08-04,158.55,171.0,157.4,170.25,360122
1149,2017-08-07,171.15,178.6,162.1,164.85,546490
1148,2017-08-08,163.5,163.95,157.7,160.2,93854
1147,2017-08-09,159.0,167.0,156.05,158.55,89126
1146,2017-08-10,158.5,171.5,157.75,166.05,390507
1145,2017-08-11,164.75,174.0,159.7,163.95,284646
1144,2017-08-14,167.0,169.45,165.1,166.25,26206
1143,2017-08-16,167.4,178.45,165.7,173.75,456042
1142,2017-08-17,171.6,174.25,170.05,171.5,103055
1141,2017-08-18,170.0,170.8,167.3,167.95,35052
1140,2017-08-21,170.9,180.65,170.85,175.25,307132
1139,2017-08-22,176.9,179.5,173.65,174.8,77295
1138,2017-08-23,176.9,186.25,175.5,183.95,358566
1137,2017-08-24,185.2,189.0,181.0,183.85,746958
1136,2017-08-28,181.05,182.6,177.1,177.95,61671
1135,2017-08-29,179.25,189.7,176.0,183.95,343458
1134,2017-08-30,186.0,189.75,184.25,185.9,200084
1133,2017-08-31,186.0,187.5,183.5,185.7,149998
1132,2017-09-01,186.0,187.0,183.0,184.4,106566
1131,2017-09-04,184.4,186.0,178.15,179.2,84851
1130,2017-09-05,179.0,182.2,179.0,179.55,24444
1129,2017-09-06,180.0,193.2,178.4,182.1,675683
1128,2017-09-07,182.25,185.55,180.5,181.7,72558
1127,2017-09-08,183.95,198.7,183.95,191.85,714370
1126,2017-09-11,191.7,194.65,188.0,189.2,65470
1125,2017-09-12,188.9,201.65,188.9,197.85,761647
1124,2017-09-13,199.3,204.25,194.9,195.4,343183
1123,2017-09-14,199.8,199.8,192.5,194.15,41535
1122,2017-09-15,193.75,195.9,190.3,192.25,56271
1121,2017-09-18,192.8,209.85,192.8,201.0,548866
1120,2017-09-19,202.15,203.85,187.9,190.0,197498
1119,2017-09-20,192.15,193.0,186.45,190.05,68401
1118,2017-09-21,190.1,191.8,179.0,180.05,146368
1117,2017-09-22,179.35,179.35,168.6,170.8,88980
1116,2017-09-25,170.8,176.05,163.7,169.4,127983
1115,2017-09-26,171.55,179.0,169.6,176.6,56067
1114,2017-09-27,180.0,181.95,167.35,169.15,58074
1113,2017-09-28,171.35,178.95,168.85,177.3,13124
1112,2017-09-29,179.0,181.9,173.05,174.8,40125
1111,2017-10-03,177.05,178.0,171.6,176.5,38935
1110,2017-10-04,177.75,179.85,175.55,176.25,5552
1109,2017-10-05,177.85,177.85,173.1,173.75,5898
1108,2017-10-06,175.05,178.45,174.0,174.5,3681
1107,2017-10-09,174.5,176.95,172.9,173.75,8759
1106,2017-10-10,175.05,179.0,173.05,175.95,28159
1105,2017-10-11,182.0,191.0,182.0,185.75,65958
1104,2017-10-12,187.55,191.0,183.55,189.95,45014
1103,2017-10-13,191.2,200.0,190.8,193.0,199976
1102,2017-10-16,192.0,204.0,191.25,198.95,351909
1101,2017-10-17,200.0,209.95,198.2,205.25,585457
1100,2017-10-18,212.0,221.5,212.0,215.6,266872
1099,2017-10-23,217.0,228.0,213.65,222.55,491528
1098,2017-10-24,222.3,230.75,218.3,228.4,509710
1097,2017-10-25,233.4,233.4,222.0,223.7,44658
1096,2017-10-26,224.0,230.0,221.15,223.05,46381
1095,2017-10-27,227.0,236.0,225.85,229.05,201338
1094,2017-10-30,230.0,232.85,227.65,229.75,44755
1093,2017-10-31,229.0,232.75,227.25,231.1,26640
1092,2017-11-01,231.75,239.2,228.85,229.45,163393
1091,2017-11-02,231.1,236.7,229.95,234.1,56236
1090,2017-11-03,231.6,236.7,230.0,233.35,104709
1089,2017-11-06,232.85,232.9,228.25,230.15,65659
1088,2017-11-07,229.35,230.8,215.7,217.25,46852
1087,2017-11-08,217.85,222.05,210.6,214.3,49837
1086,2017-11-09,217.95,222.7,211.3,216.5,139444
1085,2017-11-10,218.3,222.65,215.0,215.65,140902
1084,2017-11-13,219.4,223.8,216.65,217.6,156236
1083,2017-11-14,217.3,219.7,206.7,209.0,126721
1082,2017-11-15,208.35,214.8,198.25,200.05,197226
1081,2017-11-16,204.45,205.3,195.65,197.75,59058
1080,2017-11-17,201.45,215.8,199.6,209.25,122421
1079,2017-11-20,205.05,218.7,205.05,215.75,194899
1078,2017-11-21,215.4,224.0,215.4,219.4,183766
1077,2017-11-22,221.45,224.1,218.25,218.7,83640
1076,2017-11-23,225.0,225.0,215.25,216.05,81559
1075,2017-11-24,215.9,225.0,215.15,221.1,89299
1074,2017-11-27,223.7,223.7,219.0,220.0,31841
1073,2017-11-28,220.0,221.65,216.55,217.7,30724
1072,2017-11-29,217.75,221.8,216.2,216.75,68734
1071,2017-11-30,217.2,218.75,206.65,209.35,58352
1070,2017-12-01,212.55,216.55,205.0,206.5,41307
1069,2017-12-04,210.7,215.5,207.4,209.95,89065
1068,2017-12-05,209.6,213.35,207.1,210.35,49669
1067,2017-12-06,209.05,220.5,208.5,212.95,62348
1066,2017-12-07,214.7,220.4,214.7,215.85,81501
1065,2017-12-08,216.95,219.3,214.2,215.05,28644
1064,2017-12-11,216.65,216.65,208.75,210.15,18788
1063,2017-12-12,208.2,211.5,203.55,205.65,32546
1062,2017-12-13,206.25,217.0,197.85,214.1,215280
1061,2017-12-14,214.1,218.0,209.85,210.65,82784
1060,2017-12-15,211.95,218.0,209.05,211.35,192281
1059,2017-12-18,207.1,212.0,203.0,207.1,42763
1058,2017-12-19,208.55,214.35,208.2,209.5,40934
1057,2017-12-20,209.1,212.5,207.75,209.0,89017
1056,2017-12-21,211.6,230.0,211.6,228.2,226646
1055,2017-12-22,233.95,238.25,227.7,229.9,188484
1054,2017-12-26,230.95,238.0,226.3,231.4,162548
1053,2017-12-27,231.4,234.0,225.85,226.7,56220
1052,2017-12-28,233.9,233.9,226.8,227.9,39894
1051,2017-12-29,226.75,230.95,225.5,226.15,29660
1050,2018-01-01,227.0,230.2,222.0,223.05,73347
1049,2018-01-02,225.5,226.0,220.1,220.85,16794
1048,2018-01-03,222.4,228.0,222.4,223.55,87472
1047,2018-01-04,224.5,238.45,224.5,234.25,102928
1046,2018-01-05,236.0,240.9,230.45,230.8,49456
1045,2018-01-08,234.0,239.4,233.1,235.15,49273
1044,2018-01-09,238.9,239.7,235.1,236.3,45393
1043,2018-01-10,237.4,247.55,235.7,241.65,336568
1042,2018-01-11,243.6,252.0,227.0,231.1,521280
1041,2018-01-12,233.5,235.95,223.5,229.25,95962
1040,2018-01-15,231.05,231.65,224.0,224.3,51845
1039,2018-01-16,225.75,226.5,213.85,215.35,72378
1038,2018-01-17,215.35,216.6,206.0,212.25,70312
1037,2018-01-18,215.75,218.15,204.5,205.5,46494
1036,2018-01-19,207.65,210.65,202.05,208.2,66687
1035,2018-01-22,209.65,209.9,202.0,202.95,81794
1034,2018-01-23,204.75,210.0,202.5,204.85,89635
1033,2018-01-24,203.7,209.65,203.3,204.7,64035
1032,2018-01-25,204.9,208.5,198.25,203.3,75590
1031,2018-01-29,205.15,206.4,198.0,199.05,22450
1030,2018-01-30,197.35,205.0,194.75,201.55,123152
1029,2018-01-31,207.0,207.0,195.5,197.55,108609
1028,2018-02-01,199.7,199.75,191.1,192.7,112659
1027,2018-02-02,190.0,190.0,177.8,180.3,100351
1026,2018-02-05,177.7,189.3,172.2,186.85,175937
1025,2018-02-06,178.0,185.4,175.65,182.8,200466
1024,2018-02-07,183.0,193.65,181.45,183.4,183443
1023,2018-02-08,183.55,194.1,183.55,192.85,221166
1022,2018-02-09,185.15,198.8,183.55,195.1,72942
1021,2018-02-12,197.05,212.15,197.05,209.5,342650
1020,2018-02-14,215.0,224.9,213.2,215.4,187701
1019,2018-02-15,218.9,218.9,206.0,207.5,65393
1018,2018-02-16,209.15,213.45,198.65,201.35,71671
1017,2018-02-19,210.4,210.4,192.5,194.3,96830
1016,2018-02-20,195.2,195.2,186.15,190.65,42652
1015,2018-02-21,192.0,192.0,183.55,184.45,62275
1014,2018-02-22,181.1,182.45,177.25,178.95,91114
1013,2018-02-23,178.65,186.3,177.45,182.7,95379
1012,2018-02-26,185.3,196.0,185.3,193.45,101441
1011,2018-02-27,194.65,195.25,187.2,188.8,14714
1010,2018-02-28,186.7,187.8,184.3,186.55,13725
1009,2018-03-01,185.5,196.0,185.5,194.6,123211
1008,2018-03-05,193.6,193.6,181.5,182.6,55546
1007,2018-03-06,185.0,186.8,179.75,180.75,50641
1006,2018-03-07,178.0,180.1,168.8,169.2,86766
1005,2018-03-08,168.3,176.3,165.45,169.4,598547
1004,2018-03-09,167.7,172.2,160.85,162.4,181321
1003,2018-03-12,164.0,173.0,164.0,171.65,124202
1002,2018-03-13,171.2,183.35,167.7,182.3,83537
1001,2018-03-14,179.45,181.7,176.45,178.05,81125
1000,2018-03-15,178.05,191.5,176.45,187.1,222368
999,2018-03-16,187.0,193.25,186.4,188.2,34990
998,2018-03-19,190.9,190.9,176.05,177.4,40399
997,2018-03-20,175.0,182.5,173.7,176.25,45169
996,2018-03-21,178.95,181.9,172.55,174.65,27844
995,2018-03-22,173.6,175.75,164.5,165.7,203721
994,2018-03-23,162.0,164.65,153.05,155.25,236773
993,2018-03-26,157.8,160.05,149.7,151.75,246051
992,2018-03-27,154.55,160.25,154.55,157.85,57891
991,2018-03-28,156.8,161.7,155.75,157.4,115652
990,2018-04-02,159.35,171.5,158.8,168.95,345468
989,2018-04-03,166.65,172.6,163.45,169.8,172814
988,2018-04-04,172.0,178.0,168.0,169.85,99322
987,2018-04-05,175.4,183.7,175.0,177.05,367227
986,2018-04-06,173.1,176.55,171.55,173.6,74721
985,2018-04-09,175.2,175.6,170.2,171.1,41480
984,2018-04-10,172.5,174.7,168.3,172.0,38391
983,2018-04-11,175.0,181.4,173.4,179.75,373795
982,2018-04-12,175.5,185.0,172.4,181.7,533226
981,2018-04-13,184.0,186.0,181.5,182.15,203140
980,2018-04-16,177.3,189.95,176.3,188.65,96976
979,2018-04-17,190.0,195.4,186.25,190.15,1006250
978,2018-04-18,192.5,197.65,188.35,193.2,195627
977,2018-04-19,195.85,200.15,193.55,194.5,280998
976,2018-04-20,193.4,196.3,191.65,194.95,113547
975,2018-04-23,193.2,200.0,192.5,197.1,1650731
974,2018-04-24,196.0,196.35,190.85,193.2,30630
973,2018-04-25,194.0,194.85,188.0,189.75,29409
972,2018-04-26,191.1,191.1,183.55,186.35,123630
971,2018-04-27,189.4,191.3,183.6,184.5,286853
970,2018-04-30,182.25,188.55,182.25,184.8,242449
969,2018-05-02,186.5,191.0,179.15,180.6,191069
968,2018-05-03,180.0,184.6,177.55,179.2,147640
967,2018-05-04,181.8,183.3,177.7,179.55,71217
966,2018-05-07,180.05,183.0,179.45,180.0,36802
965,2018-05-08,183.25,187.0,179.0,180.25,202194
964,2018-05-09,180.1,181.6,177.05,178.15,39825
963,2018-05-10,178.05,178.45,175.0,175.95,49469
962,2018-05-11,176.7,179.0,174.0,174.5,98876
961,2018-05-14,174.8,176.05,168.1,171.0,116608
960,2018-05-15,174.8,175.5,158.85,160.6,1638128
959,2018-05-16,158.7,165.0,156.45,160.75,154952
958,2018-05-17,165.0,171.0,160.85,169.45,292038
957,2018-05-18,172.0,173.25,163.05,164.55,34143
956,2018-05-21,164.8,166.0,159.55,160.15,34888
955,2018-05-22,159.0,162.8,157.55,161.95,72306
954,2018-05-23,160.0,167.4,159.05,165.05,470873
953,2018-05-24,164.0,166.0,159.2,160.4,103805
952,2018-05-25,161.05,162.25,158.8,159.95,69453
951,2018-05-28,161.9,178.5,161.35,176.45,689415
950,2018-05-29,177.4,182.7,172.0,181.4,364995
949,2018-05-30,176.85,186.05,176.85,178.2,361469
948,2018-05-31,180.0,183.7,174.5,175.9,110820
947,2018-06-01,175.0,178.25,171.65,174.2,134942
946,2018-06-04,174.35,180.2,171.0,173.25,347766
945,2018-06-05,171.5,172.0,162.1,163.1,55040
944,2018-06-06,161.6,165.0,158.4,160.25,152224
943,2018-06-07,161.0,163.45,158.95,162.25,183667
942,2018-06-08,161.35,167.0,160.75,164.45,315785
941,2018-06-11,164.15,170.25,162.2,163.15,242538
940,2018-06-12,163.0,165.0,160.75,161.25,51299
939,2018-06-13,164.65,165.8,161.5,164.0,78953
938,2018-06-14,163.6,165.0,161.55,163.85,79218
937,2018-06-15,163.15,163.95,158.85,160.4,42239
936,2018-06-18,159.0,164.4,157.0,162.95,270582
935,2018-06-19,161.45,164.3,154.3,156.9,135331
934,2018-06-20,157.05,160.4,153.85,156.8,377532
933,2018-06-21,155.35,157.0,147.9,148.4,206703
932,2018-06-22,147.9,147.9,142.85,145.5,94955
931,2018-06-25,144.95,152.0,144.95,147.55,143513
930,2018-06-26,146.55,149.7,143.85,145.1,102209
929,2018-06-27,144.9,145.6,135.25,138.2,35818
928,2018-06-28,139.2,142.0,135.0,137.0,86073
927,2018-06-29,137.1,140.0,124.0,134.5,383347
926,2018-07-02,135.0,135.35,128.55,130.0,26466
925,2018-07-03,130.0,133.7,125.1,128.95,85672
924,2018-07-04,127.85,138.15,126.0,127.2,553875
923,2018-07-05,127.8,133.3,127.0,129.45,69236
922,2018-07-06,129.8,135.0,129.05,133.8,211138
921,2018-07-09,134.0,139.3,131.35,138.4,110041
920,2018-07-10,139.0,145.0,138.7,144.15,179389
919,2018-07-11,141.55,144.45,137.9,138.5,181160
918,2018-07-12,139.85,147.85,138.5,145.0,353648
917,2018-07-13,145.25,146.05,138.6,139.6,109968
916,2018-07-16,138.8,139.05,124.25,127.0,302244
915,2018-07-17,127.35,132.0,127.35,128.9,65523
914,2018-07-18,130.0,133.5,125.5,127.15,48586
913,2018-07-19,126.8,127.55,122.0,124.45,22275
912,2018-07-20,122.15,127.0,121.05,122.4,146512
911,2018-07-23,121.8,126.65,121.8,124.2,60548
910,2018-07-24,125.65,132.5,125.5,130.0,128192
909,2018-07-25,130.95,135.15,130.95,132.4,64432
908,2018-07-26,133.05,135.4,132.25,134.3,25758
907,2018-07-27,132.7,133.7,129.0,131.5,34338
906,2018-07-30,131.05,131.7,128.8,129.5,8649
905,2018-07-31,128.85,129.35,126.85,127.15,12269
904,2018-08-01,128.15,134.0,127.05,131.3,188717
903,2018-08-02,131.3,135.55,128.5,133.85,183457
902,2018-08-03,134.0,140.35,134.0,138.8,115531
901,2018-08-06,141.5,142.1,135.0,136.8,49789
900,2018-08-07,137.45,140.3,135.35,137.25,37603
899,2018-08-08,138.1,140.35,135.35,136.7,80873
898,2018-08-09,136.65,139.5,135.55,138.8,33910
897,2018-08-10,139.3,140.7,136.5,139.2,59105
896,2018-08-13,138.0,138.0,133.5,135.4,22972
895,2018-08-14,136.05,136.2,131.1,131.9,27461
894,2018-08-16,132.5,132.5,127.5,128.4,16611
893,2018-08-17,130.35,130.8,128.15,128.95,9864
892,2018-08-20,129.4,129.65,127.0,128.15,23027
891,2018-08-21,127.6,131.3,127.6,130.65,29088
890,2018-08-23,128.25,128.55,126.8,127.5,29307
889,2018-08-24,126.35,127.45,125.15,126.85,8576
888,2018-08-27,126.75,129.45,126.75,127.8,17971
887,2018-08-28,129.0,129.05,126.9,127.65,9278
886,2018-08-29,126.25,133.3,126.25,131.9,44197
885,2018-08-30,133.8,136.95,132.0,135.4,34849
884,2018-08-31,136.0,137.75,133.7,134.95,27368
883,2018-09-03,136.0,138.45,135.75,137.3,14602
882,2018-09-04,137.35,137.35,131.6,132.6,10749
881,2018-09-05,129.95,131.55,127.0,129.8,12684
880,2018-09-06,129.0,132.05,129.0,130.8,4231
879,2018-09-07,130.9,133.2,128.0,132.2,7567
878,2018-09-10,138.7,145.65,132.5,143.4,289952
877,2018-09-11,145.0,145.2,136.95,138.75,33865
876,2018-09-12,138.0,142.0,132.0,140.3,128018
875,2018-09-14,140.9,156.9,140.05,150.45,513407
874,2018-09-17,149.8,159.7,147.9,150.0,559725
873,2018-09-18,151.0,154.25,137.7,138.65,273440
872,2018-09-19,138.6,146.25,137.4,139.7,153296
871,2018-09-21,143.3,148.4,131.2,137.9,279128
870,2018-09-24,141.0,141.0,128.5,129.95,52218
869,2018-09-25,130.0,137.65,124.5,125.15,241215
868,2018-09-26,126.8,133.7,123.1,124.5,152066
867,2018-09-27,125.5,128.9,120.65,123.35,122088
866,2018-09-28,125.1,126.15,108.85,110.05,365877
865,2018-10-01,111.0,116.7,104.6,113.45,607499
864,2018-10-03,110.7,119.4,108.0,111.55,450110
863,2018-10-04,107.1,110.7,105.4,108.05,155250
862,2018-10-05,108.35,108.95,102.7,103.55,40673
861,2018-10-08,103.95,105.45,95.0,98.5,220273
860,2018-10-09,98.5,103.2,93.0,94.6,384855
859,2018-10-10,95.6,107.4,95.6,101.9,367883
858,2018-10-11,98.9,103.45,96.7,100.65,74749
857,2018-10-12,102.95,105.0,96.1,103.45,541031
856,2018-10-15,103.55,108.3,102.6,107.9,169865
855,2018-10-16,107.7,111.95,107.7,110.55,76327
854,2018-10-17,112.05,113.15,102.5,103.65,18031
853,2018-10-19,101.3,102.2,98.5,99.6,25275
852,2018-10-22,101.0,101.75,95.55,97.4,17442
851,2018-10-23,97.8,97.8,92.55,93.9,49186
850,2018-10-24,95.0,98.2,93.35,96.6,486469
849,2018-10-25,94.85,94.85,92.4,93.85,63221
848,2018-10-26,94.0,94.0,91.1,92.0,43869
847,2018-10-29,92.05,94.15,87.6,92.2,280660
846,2018-10-30,92.65,100.6,92.6,100.1,236498
845,2018-10-31,100.15,100.15,94.85,97.8,51651
844,2018-11-01,99.65,100.45,98.2,99.0,6266
843,2018-11-02,100.0,106.0,98.4,103.85,517563
842,2018-11-05,102.9,104.05,100.0,102.5,60014
841,2018-11-06,102.0,102.45,100.0,100.95,22749
840,2018-11-09,100.95,102.15,99.75,101.7,49373
839,2018-11-12,101.5,104.2,101.25,102.15,19288
838,2018-11-13,101.9,103.85,99.5,101.35,13499
837,2018-11-14,102.45,102.45,99.75,100.4,8588
836,2018-11-15,99.95,101.25,98.4,100.35,18039
835,2018-11-16,99.45,100.6,98.25,98.75,33390
834,2018-11-19,98.6,99.0,95.5,98.25,82107
833,2018-11-20,98.2,98.2,95.0,95.8,17230
832,2018-11-21,96.3,97.15,92.65,96.0,46433
831,2018-11-22,96.5,97.3,93.55,94.45,62870
830,2018-11-26,95.0,95.0,91.0,91.6,112813
829,2018-11-27,90.95,94.75,88.5,93.35,244807
828,2018-11-28,93.95,95.0,90.9,91.85,111626
827,2018-11-29,92.15,92.5,89.45,90.35,144498
826,2018-11-30,90.05,92.6,88.85,89.4,193345
825,2018-12-03,90.0,91.9,88.8,89.5,52983
824,2018-12-04,88.15,91.45,88.15,89.55,178657
823,2018-12-05,89.2,90.4,87.5,89.5,161519
822,2018-12-06,87.7,88.5,86.2,86.8,27387
821,2018-12-07,87.6,88.15,86.45,86.8,32265
820,2018-12-10,85.3,87.0,81.95,83.9,437417
819,2018-12-11,81.7,84.7,80.4,83.35,261297
818,2018-12-12,82.7,90.6,82.7,85.75,332964
817,2018-12-13,84.7,92.0,84.7,89.55,223637
816,2018-12-14,89.8,91.3,87.35,90.2,208683
815,2018-12-17,91.25,92.0,89.75,91.05,354675
814,2018-12-18,89.35,90.4,88.45,89.35,34803
813,2018-12-19,90.25,92.2,89.7,90.1,178989
812,2018-12-20,90.7,91.9,88.5,89.85,14797
811,2018-12-21,89.4,89.6,85.9,87.15,49657
810,2018-12-24,87.0,90.1,84.35,84.95,219751
809,2018-12-26,84.1,86.45,83.05,85.65,75128
808,2018-12-27,86.2,87.85,85.25,86.95,74908
807,2018-12-28,86.5,89.25,86.5,88.65,38550
806,2018-12-31,89.2,93.9,88.6,92.7,154758
805,2019-01-01,93.05,93.05,90.9,91.95,19118
804,2019-01-02,91.0,91.3,88.45,89.1,17558
803,2019-01-03,89.15,89.5,84.55,85.0,100224
802,2019-01-04,85.9,85.9,83.65,85.25,11695
801,2019-01-07,86.4,86.8,85.05,85.35,14555
800,2019-01-08,84.8,87.3,84.15,85.75,14027
799,2019-01-09,84.05,86.0,83.1,83.7,54338
798,2019-01-10,84.05,85.9,83.55,84.7,44880
797,2019-01-11,84.85,84.85,83.15,83.6,22506
796,2019-01-14,83.05,83.5,81.75,82.65,6900
795,2019-01-15,82.2,86.7,81.2,86.05,55344
794,2019-01-16,86.9,90.05,84.3,87.2,141919
793,2019-01-17,87.2,90.2,85.6,86.15,35874
792,2019-01-18,86.5,87.0,85.35,85.9,8935
791,2019-01-21,85.5,86.1,84.0,84.55,26410
790,2019-01-22,84.2,85.0,82.45,83.65,8011
789,2019-01-23,83.8,83.8,81.0,81.3,30904
788,2019-01-24,81.6,82.7,80.85,82.4,6895
787,2019-01-25,83.25,85.0,80.75,81.25,51260
786,2019-01-28,80.95,83.75,77.35,80.2,684311
785,2019-01-29,78.9,82.4,76.5,79.25,318254
784,2019-01-30,78.8,82.05,77.85,80.5,236717
783,2019-01-31,78.75,81.4,76.2,78.2,143548
782,2019-02-01,77.85,84.9,77.15,82.8,389874
781,2019-02-04,80.9,81.0,78.95,80.45,66683
780,2019-02-05,78.15,82.5,78.1,79.85,38247
779,2019-02-06,80.05,83.35,78.0,80.1,185210
778,2019-02-07,80.15,82.5,79.5,81.35,6079
777,2019-02-08,81.1,81.4,79.5,80.45,6809
776,2019-02-11,79.7,87.0,79.7,81.6,730181
775,2019-02-12,80.15,85.0,80.1,83.35,161358
774,2019-02-13,82.5,84.0,80.25,80.9,59540
773,2019-02-14,79.0,81.15,78.0,78.85,153404
772,2019-02-15,78.0,82.95,76.8,81.05,576694
771,2019-02-18,80.0,80.85,77.05,79.15,320069
770,2019-02-19,77.2,83.3,77.0,79.7,881778
769,2019-02-20,78.5,81.7,78.15,78.9,166172
768,2019-02-21,78.8,80.05,78.45,78.6,36653
767,2019-02-22,79.8,84.0,79.15,83.3,362498
766,2019-02-25,83.45,90.8,83.45,88.9,757748
765,2019-02-26,85.7,93.75,84.45,89.8,837140
764,2019-02-27,90.05,91.85,87.1,87.9,92701
763,2019-02-28,88.9,90.7,87.45,88.0,40834
762,2019-03-01,89.0,93.3,87.6,88.4,534358
761,2019-03-05,88.8,98.75,88.8,95.2,474639
760,2019-03-06,95.75,97.0,93.1,93.65,194050
759,2019-03-07,94.0,94.0,91.45,91.8,246282
758,2019-03-08,91.7,92.5,90.35,91.0,104545
757,2019-03-11,92.8,96.6,92.8,95.45,35262
756,2019-03-12,95.4,97.3,94.9,95.6,27344
755,2019-03-13,95.5,95.5,91.55,92.05,19769
754,2019-03-14,91.0,93.9,84.0,92.1,23912
753,2019-03-15,92.1,93.1,89.65,90.55,13514
752,2019-03-18,91.5,91.9,87.7,90.4,50754
751,2019-03-19,89.95,92.75,89.9,91.25,27885
750,2019-03-20,93.5,93.5,89.55,90.2,13538
749,2019-03-22,90.0,91.25,87.05,88.75,22387
748,2019-03-25,87.9,87.9,84.7,86.2,54269
747,2019-03-26,88.9,91.0,84.8,90.05,49646
746,2019-03-27,88.45,93.0,87.65,91.45,164606
745,2019-03-28,91.7,91.7,89.35,90.85,11566
744,2019-03-29,91.6,94.4,91.5,93.75,53734
743,2019-04-01,94.1,101.0,94.1,98.3,581230
742,2019-04-02,99.75,99.8,96.65,97.65,108471
741,2019-04-03,95.55,101.25,94.05,95.85,261299
740,2019-04-04,95.0,95.55,92.0,93.05,20622
739,2019-04-05,93.0,94.15,92.85,93.8,27294
738,2019-04-08,94.15,94.85,89.45,91.15,49338
737,2019-04-09,90.9,91.35,88.9,90.35,26006
736,2019-04-10,88.6,91.0,88.55,89.55,12944
735,2019-04-11,89.35,90.4,88.0,89.15,14427
734,2019-04-12,89.95,90.55,88.55,89.8,12510
733,2019-04-15,90.1,90.85,88.65,89.05,19419
732,2019-04-16,89.6,93.55,88.75,91.75,146982
731,2019-04-18,90.75,91.4,87.75,88.25,17897
730,2019-04-22,87.65,90.7,86.5,88.9,392068
729,2019-04-23,88.5,88.5,86.75,87.35,35249
728,2019-04-24,87.35,89.0,85.95,87.45,17121
727,2019-04-25,87.65,91.95,87.4,90.25,179481
726,2019-04-26,91.8,95.3,90.25,92.35,317688
725,2019-04-30,90.7,91.15,86.6,87.45,22302
724,2019-05-02,86.95,87.8,86.0,86.4,12608
723,2019-05-03,86.45,87.45,85.6,86.0,23879
722,2019-05-06,85.0,85.65,84.05,84.3,22344
721,2019-05-07,84.5,85.6,82.7,83.15,6787
720,2019-05-08,82.25,82.7,78.0,80.05,116635
719,2019-05-09,79.0,81.25,78.9,80.35,41399
718,2019-05-10,81.5,81.5,79.0,79.95,112103
717,2019-05-13,79.5,80.65,77.4,79.6,69010
716,2019-05-14,78.3,80.25,76.45,78.65,538231
715,2019-05-15,77.6,80.0,75.5,76.4,149828
714,2019-05-16,76.95,77.1,74.5,74.8,37595
713,2019-05-17,74.45,80.0,74.25,75.25,560312
712,2019-05-20,76.85,79.4,75.7,77.25,92448
711,2019-05-21,77.35,78.35,76.0,76.55,14918
710,2019-05-22,77.2,77.85,76.6,77.4,13367
709,2019-05-23,79.9,79.9,75.4,77.25,17567
708,2019-05-24,78.45,80.8,77.75,79.4,30746
707,2019-05-27,79.4,86.3,79.4,85.75,39216
706,2019-05-28,86.5,89.15,85.05,87.3,53205
705,2019-05-29,85.05,87.8,84.65,85.4,11123
704,2019-05-30,85.25,87.85,85.15,86.95,30418
703,2019-05-31,87.95,88.2,84.6,85.25,9086
702,2019-06-03,84.9,85.5,84.35,84.7,5784
701,2019-06-04,85.45,85.5,83.7,83.85,3965
700,2019-06-06,84.25,84.45,83.45,83.55,7385
699,2019-06-07,83.6,84.65,82.8,83.45,4515
698,2019-06-10,83.8,84.25,81.9,82.1,15923
697,2019-06-11,84.85,84.85,80.8,81.95,17312
696,2019-06-12,82.3,82.8,81.05,81.35,18991
695,2019-06-13,81.25,81.25,79.25,80.2,7972
694,2019-06-14,79.0,80.55,79.0,79.55,5464
693,2019-06-17,78.3,78.35,76.65,77.1,2343
692,2019-06-18,77.4,77.5,73.65,74.2,13241
691,2019-06-19,74.75,76.35,73.5,73.95,24217
690,2019-06-20,73.5,75.0,73.05,74.9,4897
689,2019-06-21,74.9,80.25,74.25,79.05,19196
688,2019-06-24,79.25,79.25,77.0,77.75,10651
687,2019-06-25,76.8,77.45,73.8,77.0,7044
686,2019-06-26,77.0,79.5,76.45,79.0,5102
685,2019-06-27,79.5,81.35,78.85,80.45,7025
684,2019-06-28,81.15,81.15,78.75,79.4,7067
683,2019-07-01,80.3,80.5,79.1,79.8,2067
682,2019-07-02,79.75,80.0,78.1,78.4,27974
681,2019-07-03,78.65,79.4,77.65,78.3,38672
680,2019-07-04,78.6,81.2,78.1,80.4,22882
679,2019-07-05,80.95,82.4,77.2,79.25,15982
678,2019-07-08,79.05,79.05,75.0,75.95,76768
677,2019-07-09,75.5,76.2,74.4,74.95,25630
676,2019-07-10,74.95,75.6,73.55,73.8,28928
675,2019-07-11,75.0,76.0,73.3,74.95,5704
674,2019-07-12,75.5,76.25,74.05,74.75,36931
673,2019-07-15,74.6,74.6,73.35,73.7,3185
672,2019-07-16,74.35,74.5,72.0,73.25,48941
671,2019-07-17,72.5,73.95,72.2,72.95,13373
670,2019-07-18,72.75,73.9,68.6,70.15,80298
669,2019-07-19,74.0,74.0,67.0,69.2,62739
668,2019-07-22,69.65,70.8,67.25,70.3,27519
667,2019-07-23,69.6,72.35,69.1,70.65,55346
666,2019-07-24,70.4,70.4,67.65,69.7,38903
665,2019-07-25,69.2,69.9,68.0,69.0,11502
664,2019-07-26,67.1,71.35,67.1,68.8,38061
663,2019-07-29,69.0,69.7,67.55,68.35,9979
662,2019-07-30,68.5,68.5,65.95,66.6,9339
661,2019-07-31,65.9,67.85,63.5,66.65,21802
660,2019-08-01,67.0,67.3,65.25,65.75,33119
659,2019-08-02,65.2,65.5,64.2,64.6,12452
658,2019-08-05,63.5,63.8,58.0,61.1,29835
657,2019-08-06,60.15,68.4,60.15,66.2,151128
656,2019-08-07,66.2,74.8,66.15,70.25,391476
655,2019-08-08,68.05,71.8,65.65,68.3,47813
654,2019-08-09,63.0,73.0,63.0,70.5,111986
653,2019-08-13,72.8,72.8,65.2,65.6,9805
652,2019-08-14,65.55,68.0,65.5,67.45,41696
651,2019-08-16,67.0,68.45,66.0,66.7,14485
650,2019-08-19,67.4,67.8,66.0,66.25,13210
649,2019-08-20,66.1,66.1,64.25,64.75,4550
648,2019-08-21,64.5,65.1,62.05,64.35,12326
647,2019-08-22,63.55,63.6,61.4,62.2,5572
646,2019-08-23,61.6,66.0,61.6,62.6,74466
645,2019-08-26,62.95,63.7,61.5,62.5,23923
644,2019-08-27,63.1,66.0,63.0,65.3,53160
643,2019-08-28,65.0,65.0,61.8,63.0,110142
642,2019-08-29,62.9,63.35,61.05,61.6,22103
641,2019-08-30,61.6,63.35,60.95,62.0,92977
640,2019-09-03,62.0,62.05,59.5,60.3,83245
639,2019-09-04,59.65,61.0,59.05,60.15,44958
638,2019-09-05,60.75,61.5,58.45,59.35,33445
637,2019-09-06,59.55,60.8,59.45,60.45,4799
636,2019-09-09,60.8,67.4,60.2,66.2,142786
635,2019-09-11,66.7,76.25,66.7,74.8,200376
634,2019-09-12,76.45,81.1,72.6,77.5,234188
633,2019-09-13,77.0,80.5,75.8,79.9,73831
632,2019-09-16,78.1,81.35,77.5,78.9,53179
631,2019-09-17,80.0,80.0,72.6,74.15,21131
630,2019-09-18,74.45,74.9,72.3,72.75,3915
629,2019-09-19,75.0,75.0,69.1,69.8,5878
628,2019-09-20,70.0,72.0,65.2,66.35,56287
627,2019-09-23,67.3,69.15,67.3,68.2,17003
626,2019-09-24,68.5,69.05,65.2,67.3,21587
625,2019-09-25,66.8,68.75,65.5,66.65,13876
624,2019-09-26,66.7,68.55,65.0,65.3,15945
623,2019-09-27,66.35,66.65,64.0,64.75,63050
622,2019-09-30,64.15,65.5,62.4,63.75,20291
621,2019-10-01,63.8,63.8,59.45,61.5,10386
620,2019-10-03,60.45,61.9,59.7,60.3,7553
619,2019-10-04,61.45,65.0,60.75,61.45,23019
618,2019-10-07,60.75,62.7,59.55,60.85,3056
617,2019-10-09,59.8,65.7,59.75,64.6,7252
616,2019-10-10,64.35,66.05,63.2,63.7,9726
615,2019-10-11,64.45,66.3,63.6,65.7,18667
614,2019-10-14,66.6,66.8,65.45,66.1,9046
613,2019-10-15,65.2,68.4,63.2,66.35,27681
612,2019-10-16,66.85,67.2,63.25,65.2,61503
611,2019-10-17,64.3,65.1,63.7,64.6,5852
610,2019-10-18,65.0,66.45,64.55,65.2,8689
609,2019-10-22,64.95,65.95,63.1,64.3,11188
608,2019-10-23,65.0,65.5,64.0,64.5,3532
607,2019-10-24,64.8,64.9,63.1,63.35,34803
606,2019-10-25,63.75,64.3,62.9,63.35,7307
605,2019-10-29,64.25,67.3,64.25,66.6,11245
604,2019-10-30,67.0,67.7,65.3,65.45,7283
603,2019-10-31,66.7,68.85,65.6,67.55,15904
602,2019-11-01,68.5,71.85,66.4,70.9,26109
601,2019-11-04,71.9,76.15,71.9,74.65,30773
600,2019-11-05,74.6,75.6,70.8,71.55,17792
599,2019-11-06,71.4,72.9,69.5,71.0,24657
598,2019-11-07,71.0,71.25,68.7,69.6,47496
597,2019-11-08,69.5,70.75,68.5,69.2,78337
596,2019-11-11,69.5,70.05,69.1,69.75,2518
595,2019-11-13,70.9,75.0,70.5,71.05,74542
594,2019-11-14,71.0,71.55,67.05,69.35,163190
593,2019-11-15,69.9,70.95,68.2,68.85,21266
592,2019-11-18,69.5,72.55,69.05,71.4,27820
591,2019-11-19,72.2,73.8,70.7,71.2,39328
590,2019-11-20,71.4,73.4,71.4,72.25,14089
589,2019-11-21,72.75,73.65,70.6,70.85,8836
588,2019-11-22,71.6,71.65,70.1,70.55,1897
587,2019-11-25,71.7,73.3,71.7,72.3,16563
586,2019-11-26,73.55,74.35,72.4,72.5,10494
585,2019-11-27,73.15,73.15,70.8,71.3,12588
584,2019-11-28,70.65,74.15,70.65,72.75,18165
583,2019-11-29,73.3,74.0,71.5,71.95,9182
582,2019-12-02,73.3,74.3,71.05,71.7,4968
581,2019-12-03,70.95,71.15,69.1,69.5,3086
580,2019-12-04,69.25,70.4,67.95,69.05,25277
579,2019-12-05,69.25,70.0,67.75,68.4,5597
578,2019-12-06,69.8,69.8,67.15,67.65,3041
577,2019-12-09,68.3,68.4,66.75,66.95,1411
576,2019-12-10,67.4,67.4,65.3,65.55,6376
575,2019-12-11,65.7,66.0,63.25,64.8,83384
574,2019-12-12,65.15,68.0,64.0,65.05,76411
573,2019-12-13,66.45,66.7,64.5,64.8,14374
572,2019-12-16,65.05,65.55,64.1,64.3,4382
571,2019-12-17,65.35,68.25,65.3,67.45,8968
570,2019-12-18,67.5,69.2,67.0,68.05,15636
569,2019-12-19,67.8,67.8,66.65,67.1,3652
568,2019-12-20,67.0,68.35,66.85,67.75,4208
567,2019-12-23,68.8,68.95,66.55,66.95,4421
566,2019-12-24,67.1,68.05,66.35,67.1,2439
565,2019-12-26,67.75,70.0,66.6,68.1,57921
564,2019-12-27,68.6,68.6,67.5,67.85,2620
563,2019-12-30,68.95,69.35,68.2,69.0,5955
562,2019-12-31,69.75,77.5,69.3,75.9,73969
561,2020-01-01,75.55,80.65,74.65,78.55,177633
560,2020-01-02,78.15,80.85,77.7,80.5,29554
559,2020-01-03,79.7,83.0,79.0,80.25,21943
558,2020-01-06,78.4,78.8,76.0,76.3,11296
557,2020-01-07,78.0,78.8,76.35,76.95,6869
556,2020-01-08,76.75,80.0,75.7,78.45,17766
555,2020-01-09,80.5,85.6,79.05,83.4,104941
554,2020-01-10,85.0,88.2,84.7,85.6,37220
553,2020-01-13,86.6,91.35,83.75,84.45,343096
552,2020-01-14,85.65,85.65,79.85,80.65,61058
551,2020-01-15,80.1,84.0,79.55,82.0,112764
550,2020-01-16,83.85,84.7,79.5,80.65,61713
549,2020-01-17,79.85,81.0,78.9,79.85,70451
548,2020-01-20,79.85,83.0,77.85,79.6,100361
547,2020-01-21,80.0,82.0,78.45,78.95,45265
546,2020-01-22,79.9,80.35,78.1,79.45,16056
545,2020-01-23,79.2,81.3,78.8,79.0,90632
544,2020-01-24,79.7,82.4,79.5,81.25,112698
543,2020-01-27,79.45,79.7,77.55,77.85,10714
542,2020-01-28,78.3,79.0,76.7,77.1,35977
541,2020-01-29,77.95,79.0,76.5,77.0,46072
540,2020-01-30,77.0,77.0,73.7,75.2,39475
539,2020-01-31,76.15,80.0,75.1,78.25,57849
538,2020-02-03,72.45,73.55,71.6,72.4,23374
537,2020-02-04,72.95,79.0,72.8,77.65,92526
536,2020-02-05,77.45,78.35,75.6,76.85,22016
535,2020-02-06,77.25,78.05,76.7,77.15,9720
534,2020-02-07,77.55,78.0,75.75,75.9,5617
533,2020-02-10,76.0,76.15,74.55,74.9,3097
532,2020-02-11,75.5,76.4,74.8,75.15,12439
531,2020-02-12,75.8,78.3,75.25,76.35,10482
530,2020-02-13,77.0,78.7,76.25,77.45,16188
529,2020-02-14,78.05,78.1,76.25,76.4,31724
528,2020-02-17,75.4,76.75,72.55,75.85,24687
527,2020-02-18,74.4,75.9,72.7,75.4,30684
526,2020-02-19,76.0,77.35,73.8,74.35,39646
525,2020-02-20,74.8,75.15,71.55,72.05,8969
524,2020-02-24,72.05,73.0,69.25,69.5,12843
523,2020-02-25,70.6,73.9,70.3,72.9,15997
522,2020-02-26,72.1,72.3,69.4,69.95,36847
521,2020-02-27,69.35,70.6,68.4,69.7,3187
520,2020-02-28,65.6,71.1,65.6,67.9,59846
519,2020-03-02,69.15,72.4,67.5,68.05,131952
518,2020-03-03,69.55,69.55,64.0,65.2,76064
517,2020-03-04,66.35,66.85,61.75,64.85,51824
516,2020-03-05,65.75,66.15,60.55,64.8,61787
515,2020-03-06,62.0,63.7,61.3,62.8,7142
514,2020-03-09,63.4,63.45,59.0,61.9,14265
513,2020-03-11,60.95,61.3,58.55,59.6,9704
512,2020-03-12,58.45,58.45,47.9,49.0,91533
511,2020-03-13,46.0,48.0,39.35,44.65,76812
510,2020-03-16,44.65,44.65,42.0,42.5,20248
509,2020-03-17,41.65,42.8,39.25,40.35,14769
508,2020-03-18,40.35,40.75,36.95,37.75,16328
507,2020-03-19,37.5,37.5,34.0,35.75,15503
506,2020-03-20,36.15,39.3,35.75,38.35,26094
505,2020-03-23,37.0,37.0,34.55,34.55,37214
504,2020-03-24,36.0,36.0,31.5,31.75,37639
503,2020-03-25,32.0,34.6,30.4,34.1,1110496
502,2020-03-26,34.6,37.5,33.1,34.0,646217
501,2020-03-27,35.0,37.4,34.05,37.2,25517
500,2020-03-30,37.0,37.65,36.0,36.55,13163
499,2020-03-31,37.1,40.2,36.7,39.8,7307
498,2020-04-01,41.9,43.45,39.4,40.05,9607
497,2020-04-03,39.95,40.0,38.7,39.05,1003087
496,2020-04-07,39.6,42.95,39.6,42.95,9508
495,2020-04-08,43.3,47.2,43.3,46.85,23961
494,2020-04-09,47.8,49.15,47.15,48.95,6585
493,2020-04-13,49.0,49.0,46.55,48.4,8778
492,2020-04-15,49.65,49.65,46.6,48.1,7239
491,2020-04-16,47.2,49.3,47.2,48.85,2886
490,2020-04-17,49.3,50.9,47.05,49.75,9880
489,2020-04-20,50.55,51.0,48.05,48.1,2465
488,2020-04-21,46.1,47.25,45.7,45.7,2803
487,2020-04-22,45.0,45.0,43.7,44.8,2162
486,2020-04-23,45.0,46.25,45.0,46.25,751
485,2020-04-24,44.5,44.95,43.95,44.1,2521
484,2020-04-27,44.3,45.8,43.0,43.9,5576
483,2020-04-28,43.9,44.0,42.9,42.9,685
482,2020-04-29,43.0,43.4,41.75,42.2,2861
481,2020-04-30,44.3,44.3,43.55,44.3,6550
480,2020-05-04,43.5,43.6,42.1,42.75,3942
479,2020-05-05,43.45,43.65,42.4,43.2,4973
478,2020-05-06,41.65,43.65,41.55,42.6,852
477,2020-05-07,42.5,43.45,42.2,43.0,7676
476,2020-05-08,43.75,44.95,42.9,44.0,3699
475,2020-05-11,44.1,44.1,42.1,42.75,4363
474,2020-05-12,42.0,42.0,41.1,41.7,2894
473,2020-05-13,43.1,43.75,43.0,43.35,7427
472,2020-05-14,43.4,44.0,42.9,43.05,1756
471,2020-05-15,43.0,43.0,41.0,42.5,5870
470,2020-05-18,41.7,41.7,40.4,40.55,2020
469,2020-05-19,40.9,41.0,39.25,39.5,5459
468,2020-05-20,39.7,40.2,38.7,39.4,6819
467,2020-05-21,39.45,39.45,38.5,38.65,2420
466,2020-05-22,38.5,39.05,37.0,37.45,3001
465,2020-05-26,37.5,38.7,37.0,37.3,13126
464,2020-05-27,37.55,38.95,36.8,38.7,13288
463,2020-05-28,38.5,39.85,37.05,37.35,5175
462,2020-05-29,37.95,39.2,37.95,38.95,42960
461,2020-06-01,39.8,40.85,39.65,39.95,32210
460,2020-06-02,40.95,41.5,39.85,40.0,28916
459,2020-06-03,40.5,42.0,40.5,41.65,18259
458,2020-06-04,42.5,43.7,41.6,43.4,28854
457,2020-06-05,45.75,52.05,45.6,51.5,84568
456,2020-06-08,56.9,56.9,50.4,51.1,83570
455,2020-06-09,51.25,51.25,46.8,47.1,20593
454,2020-06-10,48.15,49.0,47.65,47.95,12244
453,2020-06-11,50.9,53.9,48.0,50.05,53143
452,2020-06-12,50.0,52.45,46.75,50.75,22960
451,2020-06-15,50.85,52.9,49.0,52.0,26123
450,2020-06-16,53.25,55.5,51.05,52.45,77452
449,2020-06-17,51.5,53.7,51.5,52.0,32179
448,2020-06-18,52.0,62.1,52.0,61.7,142581
447,2020-06-19,66.0,71.6,65.1,65.8,197831
446,2020-06-22,68.0,69.25,63.2,63.8,103558
445,2020-06-23,64.4,66.85,63.9,65.95,50060
444,2020-06-24,70.0,74.45,67.2,67.75,127652
443,2020-06-25,66.9,69.5,64.85,67.3,86257
442,2020-06-26,68.45,68.7,64.0,64.75,58306
441,2020-06-29,64.7,67.95,59.85,66.4,22269
440,2020-06-30,67.3,72.0,66.45,70.05,87200
439,2020-07-01,70.5,71.5,68.9,69.05,17873
438,2020-07-02,70.0,72.5,69.05,70.75,25734
437,2020-07-03,71.5,71.9,68.65,69.0,8203
436,2020-07-06,74.75,74.75,69.3,71.2,54871
435,2020-07-07,71.2,71.2,70.0,70.3,11314
434,2020-07-08,71.45,74.8,69.75,72.3,67622
433,2020-07-09,72.95,78.2,72.8,74.65,100729
432,2020-07-10,74.7,78.5,74.2,76.05,101274
431,2020-07-13,78.45,79.45,75.0,75.35,55639
430,2020-07-14,75.5,75.5,68.0,70.35,63887
429,2020-07-15,72.85,72.85,69.9,70.15,40438
428,2020-07-16,69.9,70.15,67.85,69.4,29465
427,2020-07-17,70.0,78.3,70.0,74.4,119166
426,2020-07-20,75.0,76.5,72.15,72.8,39548
425,2020-07-21,73.0,73.7,70.0,70.7,85241
424,2020-07-22,70.8,74.15,70.75,71.25,50245
423,2020-07-23,71.9,73.0,69.9,71.8,21694
422,2020-07-24,70.95,71.5,69.85,70.9,19946
421,2020-07-27,70.55,72.55,68.5,68.7,17533
420,2020-07-28,68.7,71.6,67.95,71.2,15272
419,2020-07-29,71.1,75.0,70.5,72.05,44576
418,2020-07-30,73.95,77.0,69.25,70.05,62290
417,2020-07-31,70.6,71.95,67.0,69.9,40478
416,2020-08-03,70.9,71.2,68.55,69.95,15528
415,2020-08-04,71.6,73.0,70.45,71.75,32261
414,2020-08-05,71.75,80.4,71.75,77.85,238904
413,2020-08-06,78.65,84.3,78.35,81.75,112324
412,2020-08-07,82.3,85.35,80.0,83.15,128067
411,2020-08-10,83.8,92.1,83.8,89.8,212358
410,2020-08-11,91.0,92.95,85.1,87.9,123592
409,2020-08-12,88.0,89.65,84.95,87.35,60552
408,2020-08-13,87.95,87.95,85.0,86.05,43987
407,2020-08-14,87.0,91.5,84.35,88.3,117029
406,2020-08-17,89.65,91.55,88.7,91.0,25663
405,2020-08-18,90.85,94.6,89.4,93.75,41213
404,2020-08-19,93.95,99.0,93.95,98.2,132417
403,2020-08-20,94.1,97.4,93.55,96.6,97000
402,2020-08-21,103.0,109.7,102.85,105.3,492659
401,2020-08-24,107.0,108.9,100.55,100.9,123137
400,2020-08-25,101.1,101.95,96.0,99.05,137705
399,2020-08-26,97.55,108.25,97.55,104.55,98878
398,2020-08-27,105.6,106.7,100.75,102.35,79445
397,2020-08-28,103.0,103.0,96.35,98.7,114545
396,2020-08-31,101.95,102.5,91.5,93.6,195011
395,2020-09-01,92.5,98.95,92.5,98.2,24866
394,2020-09-02,100.45,103.8,98.0,101.4,81142
393,2020-09-03,100.3,101.5,98.0,99.2,11556
392,2020-09-04,94.5,99.2,94.5,95.55,68709
391,2020-09-07,95.25,96.5,92.15,93.1,45222
390,2020-09-08,95.95,95.95,87.05,87.6,41114
389,2020-09-09,87.6,89.65,84.55,86.8,28836
388,2020-09-10,88.6,92.55,87.15,88.0,11561
387,2020-09-11,87.85,89.65,87.3,87.9,11165
386,2020-09-14,88.65,105.45,88.0,89.55,58430
385,2020-09-15,90.0,91.05,87.4,88.7,16412
384,2020-09-16,88.7,94.6,88.5,93.35,80410
383,2020-09-17,95.5,95.7,91.8,93.65,15861
382,2020-09-18,94.55,95.75,91.15,91.45,17604
381,2020-09-21,90.0,92.1,84.0,86.4,45159
380,2020-09-22,85.75,85.75,77.5,80.65,105612
379,2020-09-23,83.4,83.4,79.85,81.4,24628
378,2020-09-24,79.55,79.75,75.0,76.65,15282
377,2020-09-25,79.85,81.05,77.25,78.05,47334
376,2020-09-28,79.0,83.3,77.5,82.7,69349
375,2020-09-29,83.45,84.05,81.0,81.6,9968
374,2020-09-30,81.25,89.1,81.1,85.55,84376
373,2020-10-01,88.35,89.05,84.6,85.6,35752
372,2020-10-05,86.3,87.5,85.1,86.7,20015
371,2020-10-06,87.35,87.4,86.0,86.25,13094
370,2020-10-07,86.05,86.1,85.0,85.7,8948
369,2020-10-08,85.0,89.55,85.0,87.65,21735
368,2020-10-09,89.0,89.0,86.0,86.6,5240
367,2020-10-12,90.0,96.7,90.0,94.0,546369
366,2020-10-13,95.75,98.25,91.9,93.2,102679
365,2020-10-14,93.95,100.0,92.3,95.7,92641
364,2020-10-15,95.7,99.1,93.0,95.7,130978
363,2020-10-16,97.0,97.75,92.85,96.05,15602
362,2020-10-19,99.4,99.4,94.6,96.35,37627
361,2020-10-20,96.0,100.0,96.0,99.1,46586
360,2020-10-21,98.4,101.9,96.7,98.55,87180
359,2020-10-22,98.1,99.0,95.85,97.65,53043
358,2020-10-23,98.15,99.0,95.75,96.3,18571
357,2020-10-26,98.9,98.9,91.5,92.25,15152
356,2020-10-27,92.25,93.5,89.0,92.9,53639
355,2020-10-28,92.1,94.0,91.8,92.65,29080
354,2020-10-29,92.7,98.25,92.7,96.85,30117
353,2020-10-30,96.0,98.7,93.0,97.65,47643
352,2020-11-02,97.45,98.0,93.6,96.3,26907
351,2020-11-03,95.5,96.3,94.3,95.4,29537
350,2020-11-04,96.2,96.75,94.35,94.85,6662
349,2020-11-05,98.55,98.65,94.85,97.25,24732
348,2020-11-06,97.3,104.45,97.0,103.45,70984
347,2020-11-09,106.0,110.0,104.1,107.15,164139
346,2020-11-10,108.9,111.7,107.0,110.3,66852
345,2020-11-11,109.75,110.5,105.2,109.55,94170
344,2020-11-12,110.0,111.8,108.05,109.8,45315
343,2020-11-13,109.4,119.1,108.4,117.8,204057
342,2020-11-17,120.4,122.8,117.0,120.5,145514
341,2020-11-18,120.5,124.8,120.0,122.65,41882
340,2020-11-19,124.0,131.6,121.25,125.8,142611
339,2020-11-20,126.6,128.65,122.9,125.55,61488
338,2020-11-23,115.2,127.3,115.2,123.75,64048
337,2020-11-24,122.7,123.9,116.35,117.9,130193
336,2020-11-25,115.65,121.1,115.65,117.1,82369
335,2020-11-26,118.8,119.4,115.9,117.9,17695
334,2020-11-27,118.55,122.0,117.55,118.65,47932
333,2020-12-01,119.1,120.8,118.25,119.6,16279
332,2020-12-02,120.3,129.4,114.85,124.6,50663
331,2020-12-03,124.8,130.6,124.8,129.5,65659
330,2020-12-04,130.8,134.2,124.75,127.2,78961
329,2020-12-07,131.5,131.5,127.1,129.9,13663
328,2020-12-08,129.95,130.25,124.4,129.2,72827
327,2020-12-09,131.0,131.0,127.95,128.2,63970
326,2020-12-10,128.05,132.35,123.2,130.1,22989
325,2020-12-11,131.0,134.05,129.4,133.05,70720
324,2020-12-14,133.0,137.4,131.75,132.6,151409
323,2020-12-15,132.5,136.9,130.65,134.5,11430
322,2020-12-16,135.75,138.1,133.4,135.8,27410
321,2020-12-17,134.75,137.5,133.4,135.3,41108
320,2020-12-18,133.2,141.0,133.2,139.4,32271
319,2020-12-21,140.0,141.35,118.0,131.65,64608
318,2020-12-22,126.9,135.8,121.85,130.0,87995
317,2020-12-23,131.55,148.4,130.45,144.8,99855
316,2020-12-24,147.5,153.7,143.0,145.0,118643
315,2020-12-28,145.95,155.75,145.0,152.3,54872
314,2020-12-29,156.9,157.7,146.4,148.05,55395
313,2020-12-30,151.3,152.9,141.1,142.8,100174
312,2020-12-31,140.0,143.0,136.4,141.7,120846
311,2021-01-01,142.0,144.0,139.5,140.9,56821
310,2021-01-04,143.85,148.4,140.65,147.2,95926
309,2021-01-05,147.0,154.0,145.3,152.75,97031
308,2021-01-06,152.55,158.7,148.3,153.7,113966
307,2021-01-07,155.35,156.6,152.9,154.65,41596
306,2021-01-08,155.7,164.8,155.7,159.65,72201
305,2021-01-11,160.3,160.3,152.6,153.85,46851
304,2021-01-12,152.5,163.6,151.5,160.1,53686
303,2021-01-13,162.75,162.75,155.25,157.1,38822
302,2021-01-14,156.5,156.5,151.95,152.95,19694
301,2021-01-15,153.0,156.6,152.05,152.7,13538
300,2021-01-18,150.55,151.1,143.95,144.9,69372
299,2021-01-19,147.0,149.45,147.0,148.7,4182
298,2021-01-20,149.9,151.65,148.0,149.65,14173
297,2021-01-21,150.55,151.4,147.25,148.6,19596
296,2021-01-22,149.0,149.0,140.7,141.45,42524
295,2021-01-25,141.55,143.75,135.85,140.2,8602
294,2021-01-27,137.5,140.5,135.4,137.45,22160
293,2021-01-28,137.05,144.95,135.0,139.55,74672
292,2021-01-29,141.85,143.0,133.75,137.0,35494
291,2021-02-01,136.7,141.15,122.0,123.5,103513
290,2021-02-02,123.1,127.0,116.0,118.35,105318
289,2021-02-03,119.8,127.9,117.0,126.4,113315
288,2021-02-04,128.0,131.15,126.65,128.75,31046
287,2021-02-05,130.65,130.65,124.8,126.4,21329
286,2021-02-08,128.85,130.6,125.3,127.55,29957
285,2021-02-09,135.0,135.0,128.0,128.85,85017
284,2021-02-10,129.35,129.95,123.5,125.25,23430
283,2021-02-11,124.85,127.0,124.0,124.8,34542
282,2021-02-12,125.15,125.55,122.65,124.05,29288
281,2021-02-15,127.7,127.7,117.65,118.6,41417
280,2021-02-16,121.75,125.45,121.75,124.9,24972
279,2021-02-17,125.25,126.5,119.4,119.85,86377
278,2021-02-18,120.6,121.25,114.6,115.6,83706
277,2021-02-19,116.2,123.95,114.7,121.7,42188
276,2021-02-22,118.2,125.0,118.2,122.9,86946
275,2021-02-23,124.85,124.85,120.0,123.6,15687
274,2021-02-24,124.5,126.5,122.0,123.45,28329
273,2021-02-25,123.65,127.95,123.5,126.55,69154
272,2021-02-26,126.55,126.55,121.2,124.3,22191
271,2021-03-01,125.2,125.25,122.4,122.85,23826
270,2021-03-02,123.75,124.55,121.45,122.35,23543
269,2021-03-03,124.1,137.6,123.45,131.95,126645
268,2021-03-04,133.5,134.8,127.8,129.15,39253
267,2021-03-05,129.05,129.5,125.0,126.15,64395
266,2021-03-08,127.1,129.55,126.2,127.75,34839
265,2021-03-09,127.7,128.3,122.6,123.65,17310
264,2021-03-10,125.0,125.4,122.4,123.55,29970
263,2021-03-12,124.4,126.5,121.25,122.8,34230
262,2021-03-15,123.6,123.6,118.3,119.55,34491
261,2021-03-16,121.3,121.3,119.0,119.6,16068
260,2021-03-17,120.2,122.5,114.2,114.9,42309
259,2021-03-18,117.25,117.6,111.7,114.1,26293
258,2021-03-19,111.85,117.5,109.85,116.25,43392
257,2021-03-22,116.25,118.0,114.45,115.05,10713
256,2021-03-23,115.8,120.7,114.35,118.55,39399
255,2021-03-24,120.5,120.5,116.05,116.65,13761
254,2021-03-25,117.6,117.6,114.0,115.2,15235
253,2021-03-26,116.4,120.65,115.25,119.7,23260
252,2021-03-30,121.0,126.0,119.9,121.85,327405
251,2021-03-31,122.3,125.95,122.3,125.65,159342
250,2021-04-01,124.55,130.7,124.5,128.35,92587
249,2021-04-05,127.5,133.4,126.8,131.05,54602
248,2021-04-06,133.4,135.7,130.5,132.95,94762
247,2021-04-07,133.45,135.0,131.25,131.55,23327
246,2021-04-08,135.0,139.85,131.25,135.55,52646
245,2021-04-09,137.9,139.5,135.0,137.45,70511
244,2021-04-12,134.8,134.8,123.55,130.15,70690
243,2021-04-13,129.0,138.5,128.8,135.95,19921
242,2021-04-15,138.6,140.0,135.2,138.35,30733
241,2021-04-16,140.4,142.6,139.4,140.6,36602
240,2021-04-19,140.8,148.3,129.65,144.6,73748
239,2021-04-20,147.1,149.9,144.9,148.45,55907
238,2021-04-22,150.0,151.1,145.9,147.35,32016
237,2021-04-23,149.2,153.5,146.2,147.85,52870
236,2021-04-26,148.0,162.0,148.0,159.45,190064
235,2021-04-27,159.9,170.7,158.3,163.25,253836
234,2021-04-28,162.25,164.65,154.45,158.05,156618
233,2021-04-29,161.3,166.6,160.0,164.1,116879
232,2021-04-30,162.0,169.0,161.2,163.25,118768
231,2021-05-03,163.5,168.0,162.05,167.15,168597
230,2021-05-04,164.5,169.9,161.2,162.55,128172
229,2021-05-05,163.1,167.0,162.0,164.85,86634
228,2021-05-06,168.2,169.0,163.0,164.1,36259
227,2021-05-07,165.95,188.6,165.4,180.95,347708
226,2021-05-10,182.0,192.5,178.95,184.0,388945
225,2021-05-11,181.5,182.95,176.3,177.35,91749
224,2021-05-12,178.35,181.7,172.0,173.95,95527
223,2021-05-14,175.0,177.5,162.2,171.5,126142
222,2021-05-17,172.0,189.05,168.0,185.1,137300
221,2021-05-18,184.7,190.0,179.0,180.9,85944
220,2021-05-19,186.0,192.95,182.0,184.8,122991
219,2021-05-20,185.0,186.3,180.7,182.65,158423
218,2021-05-21,182.5,187.3,182.5,184.8,114643
217,2021-05-24,186.6,186.6,178.0,180.2,121956
216,2021-05-25,182.9,184.45,175.0,176.1,109115
215,2021-05-26,175.1,179.6,174.9,177.4,74874
214,2021-05-27,178.8,181.6,174.85,175.75,48729
213,2021-05-28,179.4,182.5,175.8,176.15,42986
212,2021-05-31,175.0,182.5,175.0,179.65,84512
211,2021-06-01,183.9,183.9,171.35,174.45,95744
210,2021-06-02,175.75,178.5,173.15,176.25,119323
209,2021-06-03,178.45,179.1,175.3,176.75,109671
208,2021-06-04,178.4,178.4,173.95,177.15,70168
207,2021-06-07,178.95,180.2,175.2,176.3,37707
206,2021-06-08,177.15,177.15,173.0,174.2,64455
205,2021-06-09,171.8,179.8,171.8,176.3,89147
204,2021-06-10,175.95,193.5,173.45,191.3,255131
203,2021-06-11,191.3,198.75,188.05,196.1,339641
202,2021-06-14,195.0,204.25,186.45,199.9,275478
201,2021-06-15,202.2,202.75,197.65,199.8,106982
200,2021-06-16,199.5,200.35,187.6,191.65,102632
199,2021-06-17,190.0,193.6,179.65,185.25,147282
198,2021-06-18,185.0,187.1,172.3,181.65,155650
197,2021-06-21,174.1,191.35,174.1,189.45,189028
196,2021-06-22,191.5,202.35,191.5,200.4,183858
195,2021-06-23,204.9,212.0,198.0,198.9,68716
194,2021-06-24,198.95,200.0,195.8,196.65,112403
193,2021-06-25,199.25,206.6,197.8,200.7,71685
192,2021-06-28,200.05,212.0,198.4,208.8,222421
191,2021-06-29,208.0,209.4,201.85,207.9,58275
190,2021-06-30,209.3,217.2,207.8,210.75,259490
189,2021-07-01,208.65,213.35,208.65,212.15,175049
188,2021-07-02,212.3,212.55,207.25,209.1,187415
187,2021-07-05,208.0,210.45,204.0,205.9,132259
186,2021-07-06,205.4,208.75,203.25,204.25,109038
185,2021-07-07,205.3,213.1,201.25,211.3,130849
184,2021-07-08,209.0,213.0,205.9,207.85,73229
183,2021-07-09,208.5,227.3,207.0,220.45,108900
182,2021-07-12,225.4,231.0,224.8,229.65,105265
181,2021-07-13,229.0,233.0,225.1,229.05,129755
180,2021-07-14,230.0,234.85,225.75,228.45,107635
179,2021-07-15,229.75,230.85,220.95,228.95,82594
178,2021-07-16,231.5,232.25,226.1,230.75,78092
177,2021-07-19,230.0,235.5,227.9,231.05,42534
176,2021-07-20,231.05,237.0,219.3,230.4,80797
175,2021-07-22,234.0,276.45,232.85,265.1,663935
174,2021-07-23,266.25,275.1,249.45,268.8,225204
173,2021-07-26,271.9,294.85,268.1,271.65,374165
172,2021-07-27,272.1,283.0,266.45,276.15,260259
171,2021-07-28,277.0,279.05,270.0,277.45,161511
170,2021-07-29,276.0,294.8,272.5,286.1,374371
169,2021-07-30,293.95,304.05,284.15,295.55,189888
168,2021-08-02,296.0,298.5,289.25,290.85,242970
167,2021-08-03,290.0,292.8,283.3,285.2,76790
166,2021-08-04,287.0,298.45,287.0,290.05,59662
165,2021-08-05,295.0,295.0,281.5,285.4,60671
164,2021-08-06,287.0,303.35,285.9,298.7,197683
163,2021-08-09,300.7,307.95,296.35,297.2,110388
162,2021-08-10,302.25,302.25,267.3,276.4,209731
161,2021-08-11,272.0,279.85,251.65,276.2,167432
160,2021-08-12,278.0,290.0,278.0,282.2,19037
159,2021-08-13,286.0,297.0,285.95,292.55,78165
158,2021-08-16,293.8,294.85,284.35,292.7,22366
157,2021-08-17,298.0,298.0,288.0,290.95,25435
156,2021-08-18,288.0,290.35,275.15,278.0,85120
155,2021-08-20,275.15,275.15,253.05,255.6,78845
154,2021-08-23,267.0,267.0,241.5,245.4,43698
153,2021-08-24,243.7,281.5,243.7,276.85,116459
152,2021-08-25,277.75,281.85,273.0,279.9,77235
151,2021-08-26,275.2,279.65,272.1,273.8,19645
150,2021-08-27,271.55,281.9,270.65,273.9,54301
149,2021-08-30,276.7,290.6,276.7,280.85,33343
148,2021-08-31,286.5,290.0,276.0,283.8,42403
147,2021-09-01,285.55,286.5,277.9,278.3,16055
146,2021-09-02,279.45,285.0,279.1,281.35,13511
145,2021-09-03,282.0,290.55,280.0,282.35,42168
144,2021-09-06,281.0,297.7,281.0,293.6,88316
143,2021-09-07,294.5,297.95,288.0,289.85,44096
142,2021-09-08,291.3,294.9,288.0,289.8,30841
141,2021-09-09,290.0,299.95,290.0,294.85,28451
140,2021-09-13,297.5,298.0,290.5,295.7,27563
139,2021-09-14,298.7,304.8,293.0,294.5,25048
138,2021-09-15,296.25,298.8,292.5,293.15,9002
137,2021-09-16,295.0,308.95,294.35,296.85,50502
136,2021-09-17,299.65,302.4,286.25,297.8,91442
135,2021-09-20,290.2,292.95,274.2,277.95,63891
134,2021-09-21,272.55,282.35,265.0,279.7,41091
133,2021-09-22,287.9,287.9,275.9,279.4,26393
132,2021-09-23,282.9,287.5,280.0,283.85,12367
131,2021-09-24,283.8,288.75,276.45,278.1,9770
130,2021-09-27,273.05,282.55,273.05,275.95,40152
129,2021-09-28,276.35,286.15,274.95,282.95,33148
128,2021-09-29,281.0,293.45,278.5,287.9,41668
127,2021-09-30,285.0,293.5,285.0,288.6,9728
126,2021-10-01,287.0,301.15,285.25,298.4,78905
125,2021-10-04,300.85,308.75,300.75,305.8,66504
124,2021-10-05,307.0,313.0,303.2,305.4,30087
123,2021-10-06,301.15,309.2,288.05,295.9,51495
122,2021-10-07,295.9,301.0,291.65,297.8,1185493
121,2021-10-08,294.45,304.4,294.45,295.7,1181555
120,2021-10-11,297.5,304.5,295.35,296.35,18638
119,2021-10-12,297.65,298.7,294.35,295.2,195804
118,2021-10-13,298.55,322.45,296.75,315.65,92455
117,2021-10-14,318.0,328.4,317.7,319.15,92445
116,2021-10-18,320.0,334.55,320.0,330.8,49573
115,2021-10-19,331.15,332.8,305.0,314.9,85498
114,2021-10-20,315.25,330.2,305.35,315.25,41893
113,2021-10-21,311.5,328.6,311.5,323.45,42648
112,2021-10-22,325.0,330.0,297.0,306.15,41293
111,2021-10-25,304.0,308.0,284.6,305.4,45127
110,2021-10-26,307.0,350.65,305.95,339.75,165784
109,2021-10-27,343.95,358.4,335.05,338.75,67462
108,2021-10-28,341.25,349.0,329.0,334.4,67143
107,2021-10-29,339.4,346.8,321.25,338.55,31081
106,2021-11-01,336.2,346.05,336.2,341.1,35696
105,2021-11-02,344.95,346.0,336.4,343.6,42138
104,2021-11-03,346.5,347.75,336.5,340.05,14113
103,2021-11-08,357.0,357.0,337.6,339.95,37081
102,2021-11-09,340.9,343.0,333.1,337.35,63390
101,2021-11-10,336.5,336.5,321.2,321.95,67302
100,2021-11-11,320.55,325.9,313.3,318.8,25767
99,2021-11-12,320.0,328.45,319.8,326.5,55827
98,2021-11-15,324.85,333.1,324.85,329.75,19297
97,2021-11-16,331.8,338.3,326.1,331.0,29936
96,2021-11-17,327.55,340.95,326.45,336.6,42174
95,2021-11-18,334.0,338.5,313.15,316.95,49956
94,2021-11-22,315.0,317.5,303.5,307.25,22662
93,2021-11-23,304.9,327.85,304.9,321.45,24625
92,2021-11-24,326.7,327.8,313.55,317.8,17361
91,2021-11-25,315.0,330.0,315.0,329.6,22960
90,2021-11-26,325.0,328.0,307.45,310.6,34930
89,2021-11-29,306.2,306.2,287.4,292.05,22039
88,2021-11-30,293.7,309.6,288.7,299.5,26569
87,2021-12-01,300.3,301.45,290.9,296.55,17828
86,2021-12-02,298.5,299.1,292.7,295.2,8100
85,2021-12-03,297.9,299.5,290.1,293.15,10515
84,2021-12-06,285.3,293.75,282.2,285.2,19666
83,2021-12-07,286.2,299.3,286.2,297.05,7026
82,2021-12-08,301.0,319.8,301.0,316.35,27448
81,2021-12-09,317.85,323.75,310.25,319.8,9414
80,2021-12-10,317.2,322.9,315.5,320.85,9567
79,2021-12-13,318.45,338.9,318.45,336.9,41045
78,2021-12-14,335.0,338.95,330.5,332.9,26577
77,2021-12-15,333.9,340.75,326.55,331.45,25275
76,2021-12-16,333.6,337.0,322.9,327.55,13868
75,2021-12-17,327.5,328.3,313.65,319.8,16554
74,2021-12-20,315.0,315.0,301.1,302.85,32760
73,2021-12-21,301.55,319.4,301.55,317.35,13643
72,2021-12-22,321.55,326.75,317.45,324.85,6333
71,2021-12-23,326.35,329.7,319.0,321.75,10372
70,2021-12-24,322.55,323.45,318.6,320.9,12265
69,2021-12-27,309.35,346.7,309.35,345.55,98272
68,2021-12-28,349.9,356.85,343.8,345.45,26409
67,2021-12-29,349.5,349.6,342.8,346.1,8801
66,2021-12-30,348.0,353.85,341.95,343.1,6281
65,2021-12-31,342.5,353.0,342.5,348.8,13088
64,2022-01-03,356.15,378.35,356.0,365.95,37499
63,2022-01-04,368.0,374.95,353.15,365.65,34413
62,2022-01-05,365.65,373.0,365.65,371.65,30454
61,2022-01-06,369.3,377.45,360.65,374.45,28452
60,2022-01-07,368.5,378.0,366.3,369.55,20890
59,2022-01-10,369.55,375.2,366.4,370.55,6859
58,2022-01-11,365.0,370.5,356.35,358.65,22425
57,2022-01-12,361.45,370.7,357.9,369.35,6668
56,2022-01-13,373.65,392.0,370.3,386.2,62440
55,2022-01-14,390.65,391.75,378.75,384.65,8287
54,2022-01-17,383.0,393.75,383.0,389.2,19525
53,2022-01-18,398.9,401.0,381.6,383.8,19298
52,2022-01-19,380.2,400.0,378.7,397.0,28734
51,2022-01-20,399.5,405.0,394.25,398.1,17938
50,2022-01-21,406.1,410.0,393.95,399.7,15964
49,2022-01-24,404.0,404.0,348.25,376.65,64481
48,2022-01-25,378.5,395.5,375.05,392.35,13796
47,2022-01-27,409.7,409.7,374.25,387.0,25288
46,2022-01-28,392.8,403.95,383.45,387.3,10580
45,2022-01-31,393.5,405.4,385.1,403.0,12018
44,2022-02-01,407.0,414.3,387.9,405.35,28834
43,2022-02-02,420.0,420.0,404.0,414.1,14276
42,2022-02-03,422.95,422.95,410.5,411.1,9569
41,2022-02-04,411.5,431.0,410.75,420.4,37062
40,2022-02-07,433.5,433.5,416.7,422.55,11518
39,2022-02-08,425.0,428.5,402.5,413.65,23188
38,2022-02-09,418.95,425.0,404.45,417.05,21801
37,2022-02-10,424.75,424.75,407.2,408.95,48029
36,2022-02-11,407.8,412.55,390.1,396.4,20127
35,2022-02-14,376.1,397.7,369.95,374.15,30074
34,2022-02-15,365.0,377.7,359.0,372.25,20938
33,2022-02-16,377.7,389.15,377.2,382.1,7992
32,2022-02-17,389.75,389.75,376.0,377.85,8396
31,2022-02-18,373.8,382.5,368.25,369.0,5508
30,2022-02-21,365.0,366.95,340.0,346.7,22838
29,2022-02-22,325.1,338.0,324.5,333.95,40834
28,2022-02-23,333.0,344.0,331.25,341.05,9247
27,2022-02-24,330.3,332.4,298.0,302.5,49377
26,2022-02-25,315.0,345.0,312.75,342.75,25079
25,2022-02-28,330.4,356.15,325.8,353.05,27371
24,2022-03-02,340.35,369.75,340.35,366.15,16888
23,2022-03-03,371.65,378.8,360.65,361.7,8448
22,2022-03-04,367.0,367.0,355.1,361.5,7599
21,2022-03-07,340.0,358.55,340.0,354.1,25668
20,2022-03-08,346.0,363.5,333.5,345.9,32111
19,2022-03-09,356.0,356.0,341.0,343.25,7646
18,2022-03-10,353.15,357.9,338.0,341.3,20396
17,2022-03-11,341.3,350.95,337.95,342.45,11142
16,2022-03-14,335.0,358.95,335.0,354.5,12576
15,2022-03-15,356.5,356.5,339.0,341.35,16009
14,2022-03-16,343.0,349.75,340.65,344.05,16139
13,2022-03-17,348.8,363.15,348.35,354.45,15447
12,2022-03-21,356.7,366.25,355.65,361.4,5825
11,2022-03-22,361.1,369.5,358.0,362.1,6447
10,2022-03-23,367.55,371.9,362.85,366.85,11685
9,2022-03-24,374.2,377.6,368.0,372.75,14159
8,2022-03-25,379.4,379.4,364.35,365.85,17185
7,2022-03-28,369.5,370.55,351.85,357.9,10622
6,2022-03-29,362.35,376.5,361.1,372.6,18627
5,2022-03-30,374.5,391.0,373.1,384.1,11425
4,2022-03-31,383.8,394.55,381.05,386.7,31810
3,2022-04-01,390.15,408.95,390.1,393.05,15712
2,2022-04-04,399.2,405.0,393.95,401.55,10486
1,2022-04-05,408.0,408.0,392.45,395.9,14620
0,2022-04-06,396.8,399.6,390.25,391.45,5273
